subject,first_message,actual_label,predicted_label,match,potential_mislabel
38556826: Re: Jouw bestelling is verzonden!,"Goedemorgen, 

Meer dan een week geleden is de deurmat die we bij jullie hebben besteld op de post gegaan, helaas hebben we nog niks ontvangen. 
Wanneer mogen we het verwachten? 

Mvg, 

Joanneke Duit",Special Request,Order Delay,False,True
38497638: Hondenjas past niet,"Ik heb van jullie een hondenjas ontvangen en betaald . 
Het past helemaal niet, de rits kan niet dicht. 
ik wil graag terugsturen en ruilen voor een grotere maat. 
#19024 
Hoe kan ik dat doen? 
Met vr",Return Order,Return Order,True,False
38473261: Klacht,"Geachte heer/mevrouw, 
Onlangs heb ik bij u een bestelling geplaatst (bestelnummer #17978). Helaas moet ik u laten weten dat het product inmiddels al kapot is gegaan, terwijl het nog maar kort in gebr",Order Delay,Bad Product Quality,False,True
38455822: Bestelling #20069,"Beste heer/mevrouw, 

Graag wil ik bestelling 20069 annuleren 

Met vriendelijke groeten, 

Marieke van Buren",Cancel Order,Cancel Order,True,False
38454445: Bestelling hondentuig,"Goedemiddag,

Ik heb twee tuigjes besteld voor onze honden Tommie en Bobbie.
Voor de zekerheid Tommie op de L maat en Bobbie op de M maat

Met vriendelijke groeten,

Ria van Buren
Verstuurd va",Order Delay,Other,False,True
38452192: Re: Belangrijk nieuws over je bestelling #19984,"Ik heb nog niks mogen ontvangen 

Op 23 jan 2026 09:32 schreef Info | Mivero <info@mivero.nl>: 

Deze e-mail bevat informatie over je bestelling‚ÄáÕè ‚ÄáÕè ‚ÄáÕè ‚ÄáÕè ‚ÄáÕè ‚ÄáÕè ‚ÄáÕè ‚ÄáÕè ‚ÄáÕè ‚ÄáÕè ‚ÄáÕè ‚ÄáÕè ‚ÄáÕè ‚ÄáÕè ‚ÄáÕè ‚ÄáÕè ‚ÄáÕè ‚ÄáÕè ‚ÄáÕè",Order Delay,Order Delay,True,False
38440061: Re: Jouw bestelling is verzonden!,"Hallo waar blijf mij bestelling staat al sins afgelopen zonda als verzonden maar heb nog niks ontvangen track and trace werkt ook niet 
 
Graag duidelijkheid? En wanneer komt deze nu bij mij binnen? 
",Order Delay,Order Delay,True,False
38438330: Nieuw klantbericht op 23 januari 2026 om 10:40,"Nieuw klantbericht op 23 januari 2026 om 10:40   
 

Je hebt een nieuw bericht ontvangen via het contactformulier van je webshop. 
 
 Landcode: BE 
 Name: Chris De Weerdt 
 E-mail: chrisdeweerdt23@gma",Return Order,Wrong Order,False,True
38427070: Retour 19558,"Hoi,

Ik zou graag mijn bestelling 19558 retourneren, maar ook ineens hetzelfde product een maatje groter bestellen.
Kunnen we dat in 1x doen of hou ik de retour en nieuwe bestelling beter apart?
",Return Order,Return Order,True,False
38338984: Retour,"Ik wil de riem retour sturen omdat hij veel te grof is.
Dit is niet voor een hondje van 10kg.
Waar moet ik het naar toe sturen?

Mvg
A. Van Uden 
Patrijzenveld 40 
5431JN Cuijk 
Verstuurd vana",Return Order,Return Order,True,False
38319498: Re: Bestelling #19509 bevestigd,"Goedenavond, 

Tot nu toe is er nog niets afgeleverd. Duurt wel erg lang. Volgens de eerdere track and trace zou deze vorige week en uiterlijk maandag bezorgd worden. 

Graag hoor ik van jullie. 

Met",Order Delay,Order Delay,True,False
38297744: Re: Jouw bestelling is verzonden!,"Nog steeds niks binnen 
En je kunt verzending niet volgen 
Graag bericht hierover 

Op za 10 jan. 2026 21:05 schreef Mivero < info@mivero.nl>: (mailto:info@mivero.nl) 
 
  
   
    
   
  
 Mivero (ht",Order Delay,Order Delay,True,False
38259135: Bestelling,"Hallo, ik bestelde een hondemandje/ bedje. 
ik wou kijken op jullie info ivm leveringstijd doch die site is niet bereikbaar. 
een probleempje of een foutje? 
Ik hoor het (misschien) wel. Mvgr chris ba",Order Delay,Order Delay,True,False
38251988: ,Hoe lang duurt de verzending???,Order Delay,Shipping Question,False,True
38251170: Nieuw klantbericht op 22 januari 2026 om 13:45,"Nieuw klantbericht op 22 januari 2026 om 13:45   
 

Je hebt een nieuw bericht ontvangen via het contactformulier van je webshop. 
 
 Landcode: BE 
 Name: van malleghem katrien 
 E-mail: katrien.van.m",Order Delay,Order Delay,True,False
38220930: Nieuw klantbericht op 22 januari 2026 om 10:42,"Nieuw klantbericht op 22 januari 2026 om 10:42   
 

Je hebt een nieuw bericht ontvangen via het contactformulier van je webshop. 
 
 Landcode: NL 
 Name: Memari 
 E-mail: s.memari20@gmail.coms 
 Phon",Order Delay,Order Delay,True,False
38205865: Nieuw klantbericht op 22 januari 2026 om 09:24,"Nieuw klantbericht op 22 januari 2026 om 09:24   
 

Je hebt een nieuw bericht ontvangen via het contactformulier van je webshop. 
 
 Landcode: NL 
 Name: 158355113 van der Velde de Jong 
 E-mail: pvd",Order Delay,Order Delay,True,False
38202502: Re: Bestelling #19676 bevestigd,"Hallo, 

Ik ontving gisteren avond mijn bestelling maar vond het tuig toch iets te strak zitten (heb het niet gebruikt om te wandelen, enkel gepast op de grootste stand). Is het mogelijk om dit te rui",Return Order,Return Order,True,False
38199979: Bestelling volgen,"Bestelling volgen
-------------------------------
Ik vroeg me af wanneer ik mijn bestelling kreeg",Order Delay,Order Delay,True,False
38199980: Graag update status bestelling,"Beste Mivero, 
 
Zouden jullie me een update willen sturen over de verwachte levertijd van onderstaande bestelling? De gestuurde trackinggegevens werken niet en ik zou graag weten wanneer ik de produc",Order Delay,Order Delay,True,False
38199850: Re: Jouw bestelling is verzonden!,"Goedendag, 

Onderstaande bestelling heb ik nog niet ontvangen en ik kan ook niet zien waar het pakket is. Weten jullie dat? 

Mvg Anna Winkels 

Op 10 jan 2026 om 17:24 heeft Mivero <info@mivero.nl> ",Order Delay,Order Delay,True,False
38196064: Re: Bestelling #19760 bevestigd,"Goedemorgen, 
Ik heb nog steeds niets ontvangen en de app van bezorging werkt niet, kunt u dat nakijken? Het gaat niet goed. 
Met dank en hartelijke groet, Marijke Verhoeven 

Verstuurd vanaf mijn iPh",Order Delay,Order Delay,True,False
38194422: Re: Je bestelling met nummer #18946 is onderweg!,"Hallo , ik heb deze al ontvangen 
Mvg 
De Winne Dorine Van: Info | Mivero <info@mivero.nl> Verzonden: dinsdag 20 januari 2026 15:37 Aan: Dorine De winne <doortje_hayka@hotmail.com> Onderwerp: Je beste",Order Delay,Other,False,True
38141540: Bestelling #19884,"Nataliia Sapunzhyiska 
Geachte heer/mevrouw, 
Op 17 januari heb ik een bestelling geplaatst met bestelnummer #19884. Vandaag is het 21 januari, maar ik heb mijn bestelling nog niet ontvangen. 
Ik woon",Order Delay,Order Delay,True,False
38137964: Waar blijft mijn bestelling van vorig jaar?,"Goedenavond 

Heb tot op heden niets vernomen van mijn bestelling. 
Order nummer Other trackingnummer: SP0117489061975006 (https://mivero.nl/_t/c/v3/AADrVxNLljLjJWLkNxofgRbEYL5vnD3MnMtGKqi4-_al8L2YHld",Order Delay,Lost Order,False,True
38111410: Nieuw klantbericht op 21 januari 2026 om 17:43,"Nieuw klantbericht op 21 januari 2026 om 17:43   
 

Je hebt een nieuw bericht ontvangen via het contactformulier van je webshop. 
 
 Landcode: NL 
 Name: Mirjam Smit 
 E-mail: chrijam@hotmail.com 
 P",Product Question,Product Question,True,False
38090982: Levering,"Goedemiddag, 
Mijn bestelling is nog steeds niet geleverd 
Maar trackingscode werkt niet meer 
Bestelnummer #19538 

Mvg 
Marjolein van Oosten",Order Delay,Order Delay,True,False
38089474: Nieuw klantbericht op 21 januari 2026 om 16:03,"Nieuw klantbericht op 21 januari 2026 om 16:03   
 

Je hebt een nieuw bericht ontvangen via het contactformulier van je webshop. 
 
 Landcode: BE 
 Name: Renilde Alaerts 
 E-mail: renilde.alaerts@tel",Order Delay,Order Delay,True,False
38088109: Nieuw klantbericht op 21 januari 2026 om 15:57,"Nieuw klantbericht op 21 januari 2026 om 15:57   
 

Je hebt een nieuw bericht ontvangen via het contactformulier van je webshop. 
 
 Landcode: NL 
 Name: Yvonne Verkuijlen 
 E-mail: Cleo1126@kpnmail.",Order Delay,Special Request,False,True
38068465: PULLEASY,"Helaas hebben wij onze bestelling nog steeds niet binnen. 
Deze besteld op 16-01 2026 . 
Graag vernemen wij hoe het hiermee staat, 
Met vriendelijke groeten , 
Rob Jansen 
0654753413",Order Delay,Order Delay,True,False
38060080: ,"Goedendag, 

Wanneer kan ik mijn bestelling verwachten? Het tracking nummer doet het niet. 

Hoor het graag. 

MVG, 
A vd Brand",Order Delay,Order Delay,True,False
38054673: RE: Jouw bestelling is verzonden!,"Goedendag 

Deze bestelling is nog niet binnen en de link om de bestelling te volgen werk niet. 
Kunnen jullie mij hier duidelijkheid over geven? 

Met vriendelijke groet 
M. Bramsen 

Verzonden vanaf",Order Delay,Order Delay,True,False
38050465: Re: Jouw bestelling is verzonden!,"Goedemiddag. 

Kunt u me zeggen wanneer ik mijn pakket ontvang. 
Als ik klik op pakket volgen krijg ik te lezen dat de site niet bestaat. 

Mvrgr 
Karin Boog 

Op ma 12 jan 2026, 23:08 schreef Mivero ",Order Delay,Order Delay,True,False
38036439: Re: Jouw bestelling is verzonden!,"Goedemorgen, weet u wanneer wij deze bestelling kunnen verwachten? Hebben deze een week geleden besteld!! Mvg m de Kruijff 

Verstuurd vanaf mijn iPhone 
Op 14 jan 2026 om 17:01 heeft Mivero <info@miv",Order Delay,Order Delay,True,False
38023750: Re: Jouw bestelling is verzonden!,"Goedemorgen 
Ik heb mijn bestelling nog steeds niet ontvangen. Graag ontvang ik een update over de levering of het aankoopbedrag retour op mijn rekening. 
Met vriendelijke groet 
Nicole van Elsen Lage",Order Delay,Order Delay,True,False
38018545: Klacht Bestelling #19178,"Beste, 

Vorige week heb ik eindelijk de 2 speelballen binnen gekregen. Gelijk de eerste opgeladen, en opgeladen en nog maar eens opgeladen. Na 1 dag de andere maar eens opgeladen en ja die deed het. ",Damaged Item,Bad Product Quality,False,True
38013811: Re: Jouw bestelling is verzonden!,"Hallo 

Ik kan mijn bestelling niet volgen 
Het tracking nummer klopt niet 

Gr Wilma 

Verstuurd vanaf mijn iPhone 
Op 15 jan 2026 om 15:52 heeft Mivero <info@mivero.nl> het volgende geschreven: 

Ôªø ",Order Delay,Order Delay,True,False
38008307: Nieuw klantbericht op 21 januari 2026 om 05:27,"Nieuw klantbericht op 21 januari 2026 om 05:27   
 

Je hebt een nieuw bericht ontvangen via het contactformulier van je webshop. 
 
 Landcode: NL 
 Name: Erica Matray 
 E-mail: erica.matray@icloud.co",Order Delay,Order Delay,True,False
37977085: Re: Jouw bestelling is verzonden!,"Goedenavond, 

Geen van de trackingnummers werkt. Ik kan geen geldige url openen. Kunnen jullie nog een trackingnummer sturen? 

Groeten, 

Jeny Timmer 

Op di 20 jan 2026, 9:09 p.m. schreef Mivero < ",Order Delay,Order Delay,True,False
37939551: RE: Jouw bestelling is verzonden!,"Goedenavond, 
Heb je een idee waar deze 2 bestellingen zijn gebleven? 

Ze zijn al even onderweg. 
Ik hoor graag van u. 

Met vr groet, 
Marleen Wilbrink 

Verzonden vanaf mijn Galaxy 

 
-------- Oor",Order Delay,Order Delay,True,False
37926145: Re: Bestelling #19622 bevestigd,"Beste, 

De deurmat is vandaag aangekomen, maar het Padded Anti Trek hoofdharnas heb ik nog niet ontvangen. Kunnen jullie me hierover op de hoogte houden? 

Met vriendelijke groeten, 
Sabine Gillis 

",Order Delay,Missing Item,False,True
37903608: Update van uw bestelling - #19880,"Beste Ronny,

Hartelijk dank voor je bestelling bij Mivero! We nemen even contact met je op in verband met je bestelling #19880 voor de CleanPaw hondenjas in maat 3XL.

Helaas moeten we je laten weten",Order Delay,Wrong Order,False,True
37902597: Hondentrek riem,"Hoi, 

Ik heb een antitrek riem bij jullie besteld. 
Het is toch niet ideaal voor onze hond. 
Graag wil ik het dan ook retour sturen. 
Hopelijk kan dit. 

Groetjes Maaike",Return Order,Return Order,True,False
37900008: Re: Bestelling #19815 bevestigd,"Goedemiddag ik heb vorige week donderdag 2 honden jasjes besteld , maar als ik track and trace doe dan staat er not found . Dus waar is mijn bestelling? 

Met vriendelijke groet Annemarie Bleeker 

Ve",Order Delay,Order Delay,True,False
37892358: Re: Bestelling #19503 bevestigd,"Hallo, 
Ik heb op zaterdag 17/01/26, mijn bestelling goed ontvangen. 
Ik heb een probleem met de bestelling in verband met de maat. 
Ik heb voor mijn Cocker spani√´l, dezelfde maat besteld dan vorige k",Return Order,Wrong Order,False,True
37889905: Bestelling volgen,"Bestelling volgen
-------------------------------
wanneer kan ik mijn bestelling verwachten .?",Order Delay,Order Delay,True,False
37875888: Bestelstatus - Mivero (nl-NL),Op 4 januari heb ineen product besteld `stond op voorraad en er is nog steeds niets geleverd bestelnummer 19422,Order Delay,Order Delay,True,False
37875328: Productvraag,"Productvraag
-------------------------------
ik heb een grote teckel. En vraag me af welke maat van deze mand ik nodig heb. Vind het een beetje onduidelijk. ",Product Question,Product Question,True,False
37874812: ,"Beste Heer/Mevrouw, 

Kunt u laten weten wanneer de bestelling geleverd gaat worden? 

Met vrg. 

Mineke Storck",Order Delay,Order Delay,True,False
37871447: Probleem rapporteren,"Probleem rapporteren
-------------------------------
Ik heb 2 bestellingen geplaatst op 5 en 6 januari  met een bedrag van 39.95 en van 34.95 euro.van het ene heb ik een order#18923 gekregen het ander",Order Delay,Order Delay,True,False
37869063: Autoriem,"Ik heb zojuist een riem besteld 

Wanneer kan die bij mij zijn? 
Groet Carin",Cancel Order,Shipping Question,False,True
"Re: 37867582: Re: Voltooi je Bestelling Vandaag, Christiane! üëÄ","Bestelling mag je annuleren. 
 
 
 Verzonden vanaf Outlook voor Android (https://aka.ms/AAb9ysg) From: Info | Mivero <info@mivero.nl> Sent: Monday, January 19, 2026 7:49:59 PM To: Christiane Martens <",Cancel Order,Cancel Order,True,False
37858208: Pakket niet ontvangen,"Goedendag, 
7 januari heb ik een bestelling bij jullie gedaan. Het gaat om pakketnummer #19691. 
Ik heb het een paar keer proberen te volgen. Eerst was het onderweg uit China. Nu is het track en trace",Order Delay,Lost Order,False,True
37854200: Re: Jouw bestelling is verzonden!,"Goedemorgen 

Mijn pakket is nog steeds niet aangekomen 

Ik hoor graag 
Grt Claudia Smit 
Op 11 jan 2026 om 14:00 heeft Mivero <info@mivero.nl> het volgende geschreven: 

Ôªø Je bestelling is onderweg ",Order Delay,Order Delay,True,False
37849837: Re: Jouw bestelling is verzonden!,"Goedemorgen, 

Hebben jullie enig idee wanneer ik mijn bestelling mag ontvangen? 
Ik krijg steeds mails van jullie om een revieuw te plaatsen maar dat kan ik nog niet omdat ik dit nog steeds niet heb ",Order Delay,Order Delay,True,False
37778472: Re: Jouw bestelling is verzonden!,"Dag, 
Deze bestelling en de andere is niet aangekomen. Ik zou deze graag alsnog ontvangen. 
Mvg, 
Annemarie kerkhoven 

Verstuurd vanaf mijn iPhone 
Op 9 jan 2026 om 21:52 heeft Mivero <info@mivero.nl",Order Delay,Lost Order,False,True
37762951: Re: Bestelling #19948 bevestigd,"Aangezien er niet aangegeven wird wanneer ik de bestelling in huis heb wul ik dat toch graag even weten. 
Mvg mevr ter welle 

Op ma 19 jan. 2026 20:25 schreef Mivero < info@mivero.nl>: (mailto:info@m",Cancel Order,Order Delay,False,True
37752455: Re: retour Bestelling #19143 en 19145,"Beste, 
ik zou de artikels met bestelnummers 19143 en 19145 willen retourneren. Ze werden op 8 januari geleverd. 
Kan u mij de nodige gegevens bezorgen, opdat ik ze kan terugsturen? 
Alvast bedankt; m",Return Order,Return Order,True,False
37740536: Retour zenden bestelling nr 19483,"Goedenavond, 

Graag willen ik bestelling 19483 retourneren. Dit betreft een PawShield hondenwinterjas. 

Inmiddels hebben wij een nieuwe besteld, groter en een andere kleur. 

Kunt u mij het retour a",Return Order,Return Order,True,False
37737786: Re: Jouw bestelling is verzonden!,"Waar blijft mijn bestelling? 

Op do 15 jan 2026 om 01:19 schreef Mivero < info@mivero.nl> (mailto:info@mivero.nl) 
 
  
   
    
   
  
 Mivero (https://mivero.nl/_t/c/v3/AABb_pF_eD9El2wRvdQXRW6tpFP6",Order Delay,Order Delay,True,False
37729987: Nieuw klantbericht op 19 januari 2026 om 18:23,"Nieuw klantbericht op 19 januari 2026 om 18:23   
 

Je hebt een nieuw bericht ontvangen via het contactformulier van je webshop. 
 
 Landcode: NL 
 Name: An Molema 
 E-mail: anmolema@hotmail.com 
 Ph",Order Delay,Cancel Order,False,True
37701628: Nieuw klantbericht op 19 januari 2026 om 15:05,"Nieuw klantbericht op 19 januari 2026 om 15:05   
 

Je hebt een nieuw bericht ontvangen via het contactformulier van je webshop. 
 
 Landcode: NL 
 Name: Patricia de Veth- Verbruggen 
 E-mail: patric",Order Delay,Order Delay,True,False
37686833: Bestelling #19664,"Beste medewerker,

Al even geleden heb ik een bestelling geplaatst. Ik heb de tracking ontvangen, maar kan nergens vinden wanneer het pakket ongeveer aankomt. Het duurt wel erg lang en heb geen upda",Order Delay,Order Delay,True,False
37660893: Productvraag,"Productvraag
-------------------------------
Krijg ik 8 sokken toegestuurd als ik 2 stuks bestel van de steadypaws. Kan je me ook meedelen hoe vlug ik deze kan bekomen want ik woon in Belgi√´",Order Delay,Product Question,False,True
37653508: Nieuw klantbericht op 19 januari 2026 om 09:36,"Nieuw klantbericht op 19 januari 2026 om 09:36   
 

Je hebt een nieuw bericht ontvangen via het contactformulier van je webshop. 
 
 Landcode: NL 
 Name: Isabel Courtin 
 E-mail: isabel.courtin@hotma",Order Delay,Order Delay,True,False
37647666: Re: Jouw bestelling is verzonden!,"Hallo.wanneer wordt dit product bezorgd. 

Groet kees olinga 

Op ma 12 jan 2026, 11:55 schreef Mivero < info@mivero.nl>: (mailto:info@mivero.nl) 
 
  
   
    
   
  
 Mivero (https://mivero.nl/_t/c/",Order Delay,Order Delay,True,False
"37619843: Re: Bestelling #18928, is alles naar wens?","Op zo 18 jan 2026 om 17:50 schreef Mivero <no-reply@loox.io> 

Hallo Theo,  Vertel ons wat je vindt van het product en hoe je ervaring was. Je helpt zon ons en andere webshop bezoekers! Kost slechts w",Lost Order,Order Delay,False,True
37605964: Nieuw klantbericht op 18 januari 2026 om 19:25,"Nieuw klantbericht op 18 januari 2026 om 19:25   
 

Je hebt een nieuw bericht ontvangen via het contactformulier van je webshop. 
 
 Landcode: NL 
 Name: Birgit Gilen 
 E-mail: birgt.gilen@gmail.com ",Product Question,Product Question,True,False
37587065: Retour sturen artikel bestelling BESTEL#19587,"Goede middag, Wil graag het artikel ‚Äúwinter hondenjas‚Äù van bestelling BESTEL#19587 retour sturen. 
Graag van u het adres waar dit naar toe gestuurd kan worden. Met vriendelijke groet, Adrie Markus",Return Order,Return Order,True,False
37570741: Bestel #19858,"Goedendag, 

Ik probeer de link om de bestelling te volgen te openen maar krijg een foutmelding. 
Kunt u aangeven wat ongeveer de levertijd is en met welke organisatie het bezorgt wordt. 

Met virende",Order Delay,Order Delay,True,False
37563346: Retour,"Beste 
 
Het jasje dat ik bij jullie bestelde (bestel #18596) is helaas te kort voor mijn hondje. Ik zou het dus graag retourneren. 
 
Kunnen jullie mij de nodige gegevens bezorgen? 
 
Met vriendelijk",Return Order,Return Order,True,False
37546250: Nieuw klantbericht op 18 januari 2026 om 02:04,"Nieuw klantbericht op 18 januari 2026 om 02:04   
 

Je hebt een nieuw bericht ontvangen via het contactformulier van je webshop. 
 
 Landcode: NL 
 Name: Jacqueline Bijkerk 
 E-mail: nbijkerk2009@liv",Return Order,Return Order,True,False
37526345: RE: Bestelling #19393 bevestigd,"Hallo, 

Ik heb deze jasjes besteld volgens de maat tabel en toch zijn ze veel te klein. Hoe kan ik deze retour zenden en mijn geld terug krijgen? 

Ik hoor het graag. 

Met vriendelijke groet, 
Miran",Return Order,Return Order,True,False
37518935: Re: Jouw bestelling is verzonden!,"Hii!! I didn‚Äôt receive my order yet ?? 

On Mon, Jan 12, 2026 at 07:23 Mivero < info@mivero.nl> wrote: (mailto:info@mivero.nl) 
 
  
   
    
   
  
 Mivero (https://mivero.nl/_t/c/v3/AABmxT23mt6grBIc",Order Delay,Order Delay,True,False
37518200: Productvraag,"Productvraag
-------------------------------
SteadyPaws - Antislip Honden Gripsokken Zijn deze sokken per stuk of per 2sokken L & R of zijn het er 4 voor-achterpoten",Product Question,Product Question,True,False
37515499: Anulatie bestelnummer 19866,"Beste ,

gelieve de bestelling van vandaag , zaterdag 17/01/2026 om 11u38 met bestelnummer 19866 asap te anuleren !

Met vriendelijke groeten ,

Van Steenberge Johan

Trptstraat 2A

9550 Her",Cancel Order,Cancel Order,True,False
37515018: Een beetje klein - Mivero (nl-NL),Een beetje klein,Return Order,Bad Product Quality,False,True
37511711: Retourneren,"Goedemiddag,

Is het mogelijk om de bestelling Zenvana grasachtige toiletmat terug te sturen? Ivm priv√© omstandigheden üò¢
Graag hoor ik een reactie van U üôèüèº


Groetjes, Monique",Return Order,Return Order,True,False
37509221: Retourneren hondentuigje bestelnr 19627,"Beste mensen,ik heb per ongeluk een te kleine maat besteld en thuis ontvangen . Het bestelnummer was 19627. Ik bestel meteen een grotere maat. Kan ik het tuigje terugsturen en het hiervoor betaalde ge",Return Order,Return Order,True,False
37507287: Re: Belangrijk nieuws over je bestelling #18932,"Beste, 

Ik heb dit al ontvangen. 

Op za 17 jan 2026 om 15:23 schreef Info | Mivero < info@mivero.nl> (mailto:info@mivero.nl) 
 
Deze e-mail bevat informatie over je bestelling‚ÄáÕè ‚ÄáÕè ‚ÄáÕè ‚ÄáÕè ‚ÄáÕè ‚ÄáÕè ‚ÄáÕè ‚ÄáÕè",Other,Other,True,False
37506064: Mivero BESTEL #19552,"Goedemiddag, 

Vandaag ontving ik mijn bestelling. Deze is helaas veel te klein. Daarom graag retour. 
Wat is het adres? 

Lisa van den Berg",Return Order,Return Order,True,False
37504812: Nieuw klantbericht op 17 januari 2026 om 14:48,"Nieuw klantbericht op 17 januari 2026 om 14:48   
 

Je hebt een nieuw bericht ontvangen via het contactformulier van je webshop. 
 
 Landcode: NL 
 Name: Martin Ouwehand 
 E-mail: marton.ouwehand@gma",Other,Order Delay,False,True
37501902: Retour  Bestel #19606,"Beste Mivero, 
 
Helaas moet ik mijn bestelling retour sturen. 
De Honden winterjas is helaas te klein. 
Graag verneem ik van u een retouradres zodat ik het terug kan sturen. 
 
Bestel #19606 
PawShie",Return Order,Return Order,True,False
37492958: Mand,"Hallo 

Ik heb vandaag mijn pakketje binnen gehad maar de mand is te klein. 
Is het mogelijk deze terug te sturen en hem dan groter te krijgen? 

Met vriendelijke groet 
Bianca Van Winkel",Return Order,Return Order,True,False
37492769: ,"Goedendag 

Ik heb bij jullie 14 januari wat besteld en heb een track en trace gekregen. Die werkt niet, ik wil graag weten wanneer mijn pakketje komt. 

Met vriendelijke groet, 
Cor Zellmann",Order Delay,Order Delay,True,False
37491417: Pakketje nog niet ontvangen,"Goedemorgen, 
Helaas heb ik mijn bestelling nog niet ontvangen. 
Houten man met hond. 
Graag uw reactie 

Marja Lelieveld",Order Delay,Order Delay,True,False
37490115: Bestelling #19100,"Beste 
 
Ik wens de bestelling met nummer #19100 te retourneren. 
Graag jullie instructies voor de retour. 
 
Met vriendelijke groeten 
 
 
 
Wouter 
D'hont 
Service¬†Engineer¬†|¬†Shareholder 
BE¬†0829.33",Return Order,Return Order,True,False
37485254: Re: Bedankt voor je bericht ‚Äì we nemen zo snel mogelijk contact op,"Beste, 

Dit is het tweede mailtje dat ik verstuur en op de eerste geen reactie gehad. Ik wil mijn pakketje met bovenstaand bestellingsnummer terugsturen. Graag jullie reactie! 

Mvg Kim Budding
",Return Order,Return Order,True,False
37457441: CozyCave - Warme Knusse Huisdierenmand √ó 1,"Beste, 
 
Graag zouden wij willen weten waar deze bestelling blijft. Het betreft bestelling¬† #19355. 
 
Het beertje is binnen, maar de mand nog steeds niet en het tracking nummer doet niet. 
 
Graag h",Order Delay,Order Delay,True,False
37450550: Een probleem melden - Mivero (nl-NL),"Goeiendag, tot de dag van vandaag heb ik mijn bestelling niet ontvangen, gelieve om terugbetaling.",Order Delay,Order Delay,True,False
37449283: Bestelling #19456,"Geachte heer, mevrouw, 

Hierbij informeer ik u dat het jasje helaas te klein is en dat ik hem retour naar u zal verzenden. 

Met vriendelijke groet, 

Trudy Hengeveld",Return Order,Return Order,True,False
37425200: Re: Een korting als bedankje! üéÅ,"Dag Emma van Team Mivero, 

Ik heb mijn bestelling: 19604 , rode hondenjas, XL, nog steeds niet binnen. 

Kun jij achterhalen wat er mis is gegaan? 

Hartelijk dank alvast voor je reactie. 

Met vrien",Order Delay,Order Delay,True,False
37422220: Productvraag,"Productvraag
-------------------------------
Ik heb een border collie x friese stabij maar ik vraag me af of ik beter de xl of de l kan nemen voor een gentle leader. Ik heb er nu 1 van een ander merk ",Product Question,Product Question,True,False
37394616: Retour 19437,"Ik wil deze bestelling graag retourneren omdat het te klein is.
Kan ik het ruilen voor een 2xXL
Mvg. Lucie
Verstuurd vanaf mijn iPhone
",Return Order,Return Order,True,False
37393827: Re: Bestelling #19548 bevestigd,"Goedemiddag. 
Zojuist de hondenmand ontvangen maar helaas veel te klein voor mijn hondje van 3kg. 
Graag wil ik de mand terugsturen. 
Met vriendelijke groet, 
Nathalie Pel 
Verstuurd vanaf mijn iPhone",Return Order,Return Order,True,False
37387356: Bestelstatus - Mivero (nl-NL),Hoi ik kan mij bestelling niet openen op de mail. Het duurt nu best lang. En vraag me af of het nog wel komt.,Order Delay,Order Delay,True,False
37385020: Nieuw klantbericht op 16 januari 2026 om 11:20,"Nieuw klantbericht op 16 januari 2026 om 11:20   
 

Je hebt een nieuw bericht ontvangen via het contactformulier van je webshop. 
 
 Landcode: NL 
 Name: ANNICK Van Sande 
 E-mail: annickvansande@tel",Return Order,Return Order,True,False
37381228: Nieuw klantbericht op 16 januari 2026 om 10:55,"Nieuw klantbericht op 16 januari 2026 om 10:55   
 

Je hebt een nieuw bericht ontvangen via het contactformulier van je webshop. 
 
 Landcode: NL 
 Name: L.C Van Eijck 
 E-mail: bartjetimmer@home.nl ",Order Delay,Order Delay,True,False
37369181: Re: Bestelling #19588 bevestigd,"Hallo Mivero 

Ik wacht op onderstaand pakket. 
De link met track andbtrace werkt niet kunnen jullie de status delen? 

Groet 

Op wo 7 jan 2026, 18:14 schreef Mivero < info@mivero.nl>: (mailto:info@m",Order Delay,Order Delay,True,False
37357554: Re: Jouw bestelling is verzonden!,"Wanneeeeer komt dit aan ? Wacht al lang ! Gr ann 

Verstuurd vanaf mijn iPhone 
0478/57.56.69 
Op 11 jan 2026 om 23:22 heeft Mivero <info@mivero.nl> het volgende geschreven: 

Ôªø Je bestelling is onder",Order Delay,Order Delay,True,False
37353726: Re: Een korting als bedankje! üéÅ,"Goedemorgen, 
Vorige week heb ik 2 manden besteld, maar tot op heden nog niets ontvangen. 
Hoog graag wanneer deze binnenkomen 
Vriendelijke groet, 
Nicole Laarman 
Verstuurd vanaf mijn iPhone Op 13 j",Order Delay,Order Delay,True,False
37349385: Retour bestelling 19296,"Goedemorgen, 

Ik wil graag de bestelling met nr 19296 retourneren. Het ene jasje is te klein en het andere veel te groot. Graag ontvang ik een retourlabel en een retouradres. Bij voorbaat dank. 

Met",Return Order,Return Order,True,False
37250097: CozyShield niet op voorraad ‚Äì we lossen het voor je op,"Beste Nanda,

Allereerst hartelijk dank voor je bestelling en het vertrouwen dat je in Mivero stelt.

Tot onze spijt moeten we je laten weten dat het product dat je hebt besteld ‚Äì de CozyShield honden",Other,Order Delay,False,True
37204438: 19508,"Beste 

Kan u even kijken waar onze bestelling blijft? Bestelnummer in Onderwerp. 

Eveline Ketelbuters 

Verzonden vanaf mijn Galaxy",Order Delay,Order Delay,True,False
37165493: Re: Bestelling #19571 bevestigd,"Co z moim zam√≥wieniem 

≈õr., 7 sty 2026, 14:33 u≈ºytkownik Mivero < info@mivero.nl> napisa≈Ç: (mailto:info@mivero.nl) 
 
  
   
    
   
  
 Mivero (https://mivero.nl/_t/c/v3/AAD48RFvJCnNHdgXUG71CF1b4lR",Order Delay,Order Delay,True,False
37099783: Re: Jouw bestelling is verzonden!,"Goedenmiddag, 

Ik probeer te volgen waar mijn bestelling is, maar dat is niet mogelijk. Krijg via de link te lezen dat mijn pakket niet bestaat. Wanneer krijg ik mijn betaalde bestelling? 

Eldo Burg",Order Delay,Order Delay,True,False
37098931: Re: Jouw bestelling is verzonden!,"Beste mensen, 
 
Ik heb 2 wkn geleden een jasje voor onze hond besteld. Helaas nog steeds niks ontvangen‚Ä¶ de kou is alweer voorbij. 
Post NL heeft vertraging, dat snap ik, maar dit duurt wel heel erg ",Order Delay,Order Delay,True,False
37095051: Pawshield hondenjasje. Order 19181,"
Beste,

Op 27 december 2025 heeft junior van der helden (kleinzoon) een pawshield hondenjasje ros√© 3xl voor mij besteld
31 december zou dit verzonden zijn en geleverd worden tussen 6 en 8 januari",Order Delay,Order Delay,True,False
37072946: Re: Jouw bestelling is verzonden!,"Goedemiddag 
Ik zou graag willen weten waneer mijn pakket komt of die nog komt 
Groetjes Marco 

Op wo 31 dec 2025 00:05 schreef Mivero < info@mivero.nl>: (mailto:info@mivero.nl) 
 
  
   
    
   
  ",Order Delay,Order Delay,True,False
37061814: Productvraag,"Productvraag
-------------------------------
Van waaruit worden deze manden verstuurd?",Order Delay,Shipping Question,False,True
37051903: Re: Bestelling #19361 bevestigd,"Hoi! 

Ik heb op 1 januari een bestelling geplaatst. In de track & trace zie ik dat mijn bestelling nog steeds niet is verzonden. 
Wanneer kan ik mijn bestelling verwachten en waarom duurt dit zo lang",Order Delay,Order Delay,True,False
37046228: Re: Bestelling #19335 is onderweg voor bezorging!,"Hallo, ik heb een deken besteld bij jullie en kreeg op 4 januari dat deze onderweg is 
Eigenaardig is de bestelling nog niet toegekomen. Kunnen jullie dit eens bekijken aub? 
Beste groeten, maisie deb",Order Delay,Order Delay,True,False
37034213: Levering pakket Tracknr: UK803499057YP,"Beste, 
Wanneer kan ik mijn pakket verwachten? 
Dat trackingsnummer wordt niet herkend. 
Graag antwoord. 

Grt",Order Delay,Order Delay,True,False
36963778: Nieuw klantbericht op 14 januari 2026 om 22:07,"Nieuw klantbericht op 14 januari 2026 om 22:07   
 

Je hebt een nieuw bericht ontvangen via het contactformulier van je webshop. 
 
 Landcode: NL 
 Name: Chloe van kerschaver 
 E-mail: chloe.van.kers",Order Delay,Order Delay,True,False
Re: 36957263: Re: Bestelling #19480 bevestigd,"Goedeavond hoe moet ik iets ruilen het jasje is veel te klein jullie maten vallen heel klein¬† hoe nu verder ik wil zeker xxxxl 

Op zo 4 jan 2026, 18:59 schreef Mivero < info@mivero.nl>: (mailto:info@",Return Order,Return Order,True,False
36922397: Re: Jouw bestelling is verzonden!,"Hallo, 

Hoeveel dagen verzending staan er voor mijn order?Ik wacht nu al een week. 

Op wo 7 jan 2026, 13:14 schreef Mivero < info@mivero.nl>: (mailto:info@mivero.nl) 
 
  
   
    
   
  
 Mivero (h",Order Delay,Order Delay,True,False
36885346: Re: Bestelling #19713 bevestigd,"Hallo, 
Ik heb deze bestelling geplaatst en van jullie bericht ontvangen      dat het is verzonden. 
Via de tracking zie ik dat het nog niet is opgehaald door de      carrier, hoe lang gaat de lever",Order Delay,Order Delay,True,False
36858240: Nieuw klantbericht op 14 januari 2026 om 14:07,"Nieuw klantbericht op 14 januari 2026 om 14:07   
 

Je hebt een nieuw bericht ontvangen via het contactformulier van je webshop. 
 
 Landcode: BE 
 Name: Carmen Hodis 
 E-mail: carmenihodis@gmail.com",Product Question,Product Question,True,False
36856528: Re: Bestelling #19783 bevestigd,"Goedemiddag, 
 
Wil graag bij u een hondenjas kopen. We hebben een kruising tussen een Nova Scotia Duck Toller/Ierse Setter (nu 6 mnd). Zijn borstomvang is 68 cm en de ruglengte is 63/80 cm (de groots",Product Question,Product Question,True,False
36844036: Re: Belangrijk nieuws over je bestelling #19751,"Gisteren kreeg ik een mail dat het verzonden was ?! Wat is dit voor een uitleg ? 

Op 14 jan 2026, om 12:16, Info | Mivero < info@mivero.nl> schreef: (mailto:info@mivero.nl)  
Deze e-mail bevat inform",Order Delay,Order Delay,True,False
36841167: Re: Je bestelling #19149 is bezorgd! ü•≥,"beste, Ik wil mijn bestelling terugsturen naar jullie en terugbetaling ontvangen. Het jasje is te klein en aangezien jullie levertermijn zo lang duurt, wil ik liever niet meer bestellen. Hoe ga ik hie",Return Order,Return Order,True,False
36836389: Nieuw klantbericht op 14 januari 2026 om 11:58,"Nieuw klantbericht op 14 januari 2026 om 11:58   
 

Je hebt een nieuw bericht ontvangen via het contactformulier van je webshop. 
 
 Landcode: NL 
 Name: Susie van stappen 
 E-mail: susie.van.stappen",Order Delay,Order Delay,True,False
36826191: Nieuw klantbericht op 14 januari 2026 om 10:58,"Nieuw klantbericht op 14 januari 2026 om 10:58   
 

Je hebt een nieuw bericht ontvangen via het contactformulier van je webshop. 
 
 Landcode: NL 
 Name: Martine Bras 
 E-mail: martinebras@gmail.com ",Return Order,Return Order,True,False
36818176: Nieuw klantbericht op 14 januari 2026 om 10:07,"Nieuw klantbericht op 14 januari 2026 om 10:07   
 

Je hebt een nieuw bericht ontvangen via het contactformulier van je webshop. 
 
 Landcode: NL 
 Name: Kirsten Casius 
 E-mail: kcasius@gmail.com 
 ",Order Delay,Order Delay,True,False
36807313: Bestelling,"Hallo, 
Ik zie dat mijn bestelling op 7 januari¬† is Verzonden. Tot op heden heb ik deze nog niet ontvangen. Kan ook niet zien via de tracker waar mijn pakket is. Kunnen¬† jullie mij vertellen wanneer i",Order Delay,Order Delay,True,False
Re: 36570577: Re: Jouw bestelling is verzonden!,"Hallo, 
Is er na 16 dagen misschien al zicht op leveren? 
Wacht met ongeduld op uw reactie. 
M.v.g. Dhr. B. Ketting. 

Op zo 28 dec 2025 om 01:24 schreef Mivero < info@mivero.nl> (mailto:info@mivero.n",Order Delay,Order Delay,True,False
36507438: Re: Jouw bestelling is verzonden!,"Hallo, 

Wanneer kan ik mijn bestelling verwachten? 
Het is al 14 dagen geleden. 
Graag hoor ik van u. 

met vriendelijke groeten, 

wim 

Op wo 31 dec 2025 13:53 schreef Mivero < info@mivero.nl>: (ma",Order Delay,Order Delay,True,False
36458073: Re: Een korting als bedankje! üéÅ,"Ik heb de eerste bestelling nog niet eens binnen! 
 
Met de vriendelijke groet, 
R. Hagman Verstuurd vanaf mijn iPhone Op 13 jan 2026 om 08:31 heeft Info | Mivero <info@mivero.nl> het volgende geschre",Order Delay,Order Delay,True,False
36448156: Retour kattenfontein 18818,"Beste lezer, 

Ik zou graag kattenfontein (bestelnummer 18818) als retour willen aanmelden. 
Hoe gaat het verder in zijn werk? Het pakket is niet uitgepakt geweest/nog in orginele verpakking. 

Alvast",Return Order,Return Order,True,False
36439121: Retourneren hondenkussen,"Goedemiddag beste, 

Bij deze wil ik de cozycave, warme knusse huisdierenmand retourneren. 
Bestelnummer #19282. 

Met vriendelijke groet, 

Ed van den Hemel",Order Delay,Return Order,False,True
36438754: Re: Een korting als bedankje! üéÅ,"Goedemiddag, 
 
leuk dat bedankje maar ik heb nog steeds niets ontvangen. 
 
dus wanneer kan ik het verwachten. 
 
Antoinette van Zwieten  
Op 13-01-2026 08:31 CET schreef Info | Mivero <info@mivero.n",Order Delay,Order Delay,True,False
36416653: Nieuw klantbericht op 13 januari 2026 om 16:08,"Nieuw klantbericht op 13 januari 2026 om 16:08   
 

Je hebt een nieuw bericht ontvangen via het contactformulier van je webshop. 
 
 Landcode: NL 
 Name: Jan Kat 
 E-mail: jan.kat@kpnmail.nl 
 Phone:",Order Delay,Order Delay,True,False
36408241: Re: Bestelling #19323 bevestigd,"Beste, 
Wanneer wordt deze bestelling geleverd 

Verstuurd vanaf mijn iPhone 
Op 31 dec 2025 om 10:07 heeft Mivero <info@mivero.nl> het volgende geschreven: 

Ôªø Bedankt voor je aankoop.    
   
    
 ",Order Delay,Order Delay,True,False
36385234: Re: Je bestelling #19166 is bezorgd! ü•≥,"Beste, 

Had betere kwaliteit verwacht.¬† ¬†Als ik op voorhand geweten had dat dit uit China kwam, had ik geen bestelling geplaatst. 

mvg, 
Christophe Stas 
Van: ""Info | Mivero"" <info@mivero.nl> 
Aan: ",Bad Product Quality,Bad Product Quality,True,False
36379514: Vraag over product - Mivero (nl-NL),Bij de Duelleash kan ik niet vinden voor welk gewicht honden hij geschikt is. ,Product Question,Product Question,True,False
36374416: Productvraag,"Productvraag
-------------------------------
Is de tuffSnugg speeltje zonder een pieper",Product Question,Product Question,True,False
36369143: Nieuw klantbericht op 13 januari 2026 om 10:57,"Nieuw klantbericht op 13 januari 2026 om 10:57   
 

Je hebt een nieuw bericht ontvangen via het contactformulier van je webshop. 
 
 Landcode: NL 
 Name: Geertje  Peemen 
 E-mail: geertje_s56@live.nl",Order Delay,Order Delay,True,False
36365303: Re: Jouw bestelling is verzonden!,"Goedemorgen 
Enige tijd geleden heb ik een bestelling bij u gedaan. 
Maar nog niks ontvangen. 
Wanneer krijg ik de bestelling? 

Met Vriendelijke groet, 
Carolien Cloos 

Op di 6 jan 2026, 02:49 schre",Return Order,Order Delay,False,True
36365121: Re: Jouw bestelling is verzonden!,"Dag 

Waar is onze bestelling , want ik kan t pakket niet volgen (onbekend) en wij hebben ons pakket nog steeds niet ontvangen 

Hartelijke groet, 
Cyrille & Niek 
Op 30 dec 2025 om 15:31 heeft Mivero",Order Delay,Order Delay,True,False
36364004: ,"Beste,

Wanneer zou mijn levering komen? Duurt nu wel heel lang jammer genoeg‚Ä¶

Mvg




Verstuurd vanaf mijn iPhone",Order Delay,Order Delay,True,False
36363508: Re: Een korting als bedankje! üéÅ,"Beste, 
 
Graag zou ik willen weten wanneer ik mijn pakketje zou mogen ontvangen. Deze heb ik op 1 januari besteld en zou ik ook kunnen volgen. Tot mijn verbazing kan ik mijn bestelling niet meer volg",Order Delay,Order Delay,True,False
36362822: Nieuw klantbericht op 13 januari 2026 om 10:07,"Nieuw klantbericht op 13 januari 2026 om 10:07   
 

Je hebt een nieuw bericht ontvangen via het contactformulier van je webshop. 
 
 Landcode: NL 
 Name: Annemarie Bleeker 
 E-mail: menora-gevallen1s",Product Question,Product Question,True,False
36360663: Re: Een korting als bedankje! üéÅ,"Goede morgen, 

Ik wil via deze weg even laten weten dat ik mijn pakketje ( 19286 ) van 30-12-2025 nog steeds niet ontvangen hebt. Ik kan ook de track en trace niet volgen, omdat hij die niet kan vind",Order Delay,Order Delay,True,False
36358230: bestelling SP0137846773315875,"De track and Trace email ontvangen op 8 jan 2026 geeft geen beeld totaal leeg scherm.. 
Dus waar is mijn bestelling ??? 
Met vr gr, 
Wim Meijdam",Order Delay,Order Delay,True,False
36356267: Nieuw klantbericht op 13 januari 2026 om 09:05,"Nieuw klantbericht op 13 januari 2026 om 09:05   
 

Je hebt een nieuw bericht ontvangen via het contactformulier van je webshop. 
 
 Landcode: NL 
 Name: Esther bekenkamp 
 E-mail: esther.bekenkamp@h",Return Order,Return Order,True,False
36355742: Re: Een korting als bedankje! üéÅ,"Goedemorgen 
Leuk dat extra bedankje 
Maar ik heb nog niks ontvangen, vraag me af waar het pakketje blijft 
Vriendelijke groet 
Catrien Wetzels 
Op 13 jan 2026 om 08:30 heeft Info | Mivero <info@miver",Order Delay,Order Delay,True,False
36355029: Re: Jouw bestelling is verzonden!,"Beste Mivero, 

Ik heb mijn bestelling nog steeds niet ontvangen terwijl er staat dat deze verzonden is. 
Kunt u dit voor mij ophelderen? 

Met vriendelijke groet, 

Mirjam van Sluijs 

Verstuurd vana",Order Delay,Order Delay,True,False
36354765: RE: Jouw bestelling is verzonden!,"Goedendag , 
Wanneer kan ik de bestelling verwachten? 

Verzonden vanaf mijn Galaxy 

 
-------- Oorspronkelijk bericht -------- 
Van: Mivero <info@mivero.nl> 
Datum: 08-01-2026  11:22  (GMT+01:00) 
A",Order Delay,Order Delay,True,False
36354207: RE: Een korting als bedankje! üéÅ,"Goedemorgen, 

Ik heb nog steeds mijn bestelling niet binnen. Kunt u mij zeggen hoelang dit normaalgesproken duurt. 

Vriendelijke groet, 
Corrie Kromhout 
Reygersberglaan 33 
2221SR Katwijk 

Verzond",Order Delay,Order Delay,True,False
36353980: Re: Een korting als bedankje! üéÅ,"Waar blijft m‚Äôn bestelling 

Op di 13 jan 2026 om 08:30 schreef Info | Mivero < info@mivero.nl> (mailto:info@mivero.nl) 
Hallo Anne, 
Ik wil je graag bedanken voor je vertrouwen in ons merk. Geniet va",Order Delay,Order Delay,True,False
36353826: Re: Een korting als bedankje! üéÅ,"Hallo. 
Graag gedaan. Maar mijn tuigje xl is nog steeds niet geleverd. 
Ik vindt het vervelend 
Zie graag een oplossing,spoedig. 
Anders zie graag het bedrag terug op mijn rekening. 
Met vriendelijke ",Order Delay,Order Delay,True,False
36348217: Bestelling nog niet ontvangen,"Beste, 

Ik heb mijn bestelling 19522 nog niet mogen ontvangen ontvangen . 

Met vriendelijke groeten 
Monique Van Genechten",Order Delay,Order Delay,True,False
36321184: Order 19263,"Beste 
 
Bij het uitpakken uit de plastic zagen we onmiddellijk dat deze hondengrot te klein was voor onze Cavalier. 
Kunnen we deze nog terugsturen wanneer hij al uit de plastic is gehaald. 
Onze hon",Return Order,Return Order,True,False
36316545: Re: Jouw bestelling is verzonden!,"Wanneer kan ik mijn pakket verwachten? 

De link werkt niet 

MvG 

Op di 6 jan 2026, 03:22 schreef Mivero < info@mivero.nl>: (mailto:info@mivero.nl) 
 
  
   
    
   
  
 Mivero (https://mivero.nl/_",Order Delay,Order Delay,True,False
36315921: Re: Jouw bestelling is verzonden!,"Hello, 

I am writing to ask what happened to my order. 

Thank you in advance, 

Katarzyna 

On Sun, Dec 28, 2025 at 1:29‚ÄØAM Mivero < info@mivero.nl> wrote: (mailto:info@mivero.nl) 
 
  
   
    
   ",Order Delay,Order Delay,True,False
36309022: Bestelling,"Goededag, 
Ik heb 25-12 een bestelling gedaan met nummer #19109. Ik heb echter nog niks ontvangen. Is er iets mis gegaan? De track en trace blijft op ‚Äúonderweg‚Äù staan. Ik hoor het graag! Vriendelijke",Order Delay,Order Delay,True,False
36303477: ,"even vraagje hoe lang gaat het duren 
bakhuis werkzijde 83 2543cw den haag 
bvd",Order Delay,Order Delay,True,False
36297539: Retour ORD: #19220,"Hallo, 
Ik heb vandaag de bestelling ontvangen en er blijk dat de kussen zijn te klein voor mij hondje. Hoe kan ik ze retourneren? 

Groetjes 
Magda Benschop ",Return Order,Return Order,True,False
36271114: Bestelling volgen,"Bestelling volgen
-------------------------------
Wanner zal mijn bestelling aan komen ",Order Delay,Order Delay,True,False
36269720: Hondenmandjes - Mivero (nl-NL),"Beste,<br>Voldoen niet aan mijn verwachtingen (12-01-2026).<br>",Return Order,Bad Product Quality,False,True
36267684: ,"Beste, 

Ik heb tot op heden nog niets ontvangen. Kunt u me zeggen wanneer mijn bestelling gaat aankomen. 

Mvg 
De Busschop schoofs 
0476 201922",Order Delay,Order Delay,True,False
36265247: Bestelling volgens.,"Waarom kan ik mijn bestelling¬† niet volgens en ook niet zien,¬† door wie hij bezocht¬† wordt. 

Verzonden vanaf mijn Galaxy",Order Delay,Order Delay,True,False
36259875: Productvraag,"Productvraag
-------------------------------
Welke maat nemen voor stafford bull terrier teefje 17 kgr.",Product Question,Product Question,True,False
36254899: Levertijd,"Goedendag, kunt u mij zeggen waar het door komt dat pakket 10 dagen onderweg is voor hij bezorgd wordt.¬† Waar moet het vandaan komen? 
Hij hond kan door hernia bijna niet lopen en dan is 10 dagen wach",Cancel Order,Order Delay,False,True
36246057: Vraag over product - Mivero (nl-NL),"Goedemiddag, ik wil voor mijn Havanezer hond van ca 7,5 de PawShield - Honden Winterjas Winterjas Voor Hond kopen.<br>Als ik naar de maten kijk zou hij een large nodig hebben, maar dat lijkt mij heel ",Product Question,Product Question,True,False
36243992: Re: Jouw bestelling is verzonden!,"Goedemiddag 
 
De link doet t niet om de bestelling te volgen. 
 
Graag advies 
 
Mvg Danielle 
 
Verzonden vanuit Outlook voor iOS (https://aka.ms/o0ukef) Van: Mivero <info@mivero.nl> Verzonden: Sund",Order Delay,Order Delay,True,False
Re: 36246291: Re: Bedankt voor je bericht ‚Äì we nemen zo snel mogelijk contact op,"Beste, 

Ik wil dit artikel annuleren,¬† ik heb van iemand al zo'n jasje gekregen.¬† Mijn hondje is een puppy en tegen die tijd dat ik deze krijg is het te klein.¬† Ze groeit hard. 

Dus ik wil het artik",Cancel Order,Cancel Order,True,False
36241800: Probleem rapporteren,"Probleem rapporteren
-------------------------------
Harnas kapot na 2x gebruiken. Mij. Mail werd ook gewoon genegeerd al sinds 3 januari 
",Damaged Item,Bad Product Quality,False,True
36227514: Bestelling Steady paws antislip,"Goedemorgen, 

Afgelopen zaterdag heb ik bovenstaande bestelling  gedaan. 
Kunt u mij zeggen wanneer ik deze kan verwachten?


Groet,
Sylvia Wiebing
",Order Delay,Order Delay,True,False
36240150: Bestelstatus - Mivero (nl-NL),"Goedendag, 
 
Mijn pakket is helaas nog steeds niet geleverd, kunnen jullie achterhalen waar het is? 
 
Vriendelijke groet, 
Annemarie Baarssen 
 
 
 
 
 Verzonden vanaf Outlook voor Android (https://",Order Delay,Order Delay,True,False
36219185: Status bestelling,"Beste 
Ik zou graag weten waar mijn pakje blijft, de beloofde datum is al lang overschreden. 
 Bestel #19228 
 
 
 
Met vriendelijke groeten, 
 
Tania van Hassel 
 
 
Verzonden vanaf Outlook voor Andr",Order Delay,Order Delay,True,False
36178392: Re: Jouw bestelling is verzonden!,"Beste, 
 
Ik heb nog steeds geen pakje ontvangen, kan er bekeken worden wat er misloopt? 
Alvast bedankt, 
Jonas De Vriese 
 
 Van: Mivero <info@mivero.nl> Verzonden: maandag 29 december 2025 15:29 Aa",Order Delay,Order Delay,True,False
36150622: Nieuw klantbericht op 11 januari 2026 om 19:45,"Nieuw klantbericht op 11 januari 2026 om 19:45   
 

Je hebt een nieuw bericht ontvangen via het contactformulier van je webshop. 
 
 Landcode: NL 
 Name: Mirjam luebrand 
 E-mail: liebrandm@gmail.com",Return Order,Return Order,True,False
36135770: Nieuw klantbericht op 11 januari 2026 om 17:34,"Nieuw klantbericht op 11 januari 2026 om 17:34   
 

Je hebt een nieuw bericht ontvangen via het contactformulier van je webshop. 
 
 Landcode: NL 
 Name: Mieke Mertens 
 E-mail: crea_mieke@live.com 
",Order Delay,Order Delay,True,False
36131215: Nieuw klantbericht op 11 januari 2026 om 16:59,"Nieuw klantbericht op 11 januari 2026 om 16:59   
 

Je hebt een nieuw bericht ontvangen via het contactformulier van je webshop. 
 
 Landcode: NL 
 Name: A. De Jonge 
 E-mail: avosdejonge@gmail.com 
",Order Delay,Order Delay,True,False
36117115: deur mat stuk,"Goedendag 
Deze deurmat heb ik nu 2x gewassen op wol stand .en is nu de binnen lag stuk hoe kan dit . 
Was heel blij met de deurmat voor de hond . hoe kan dit gebeuren ? 
Met vriendelijke groet williw",Damaged Item,Bad Product Quality,False,True
36115186: Nieuw klantbericht op 11 januari 2026 om 14:42,"Nieuw klantbericht op 11 januari 2026 om 14:42   
 

Je hebt een nieuw bericht ontvangen via het contactformulier van je webshop. 
 
 Landcode: NL 
 Name: willie van dongen 
 E-mail: keesvandongen@het",Other,Bad Product Quality,False,True
36089852: Re: Jouw bestelling is verzonden!,"Goedemorgen, 

Heb bij jullie een hondentuigje besteld en die is nogsteeds niet aangekomen. 

Is die al klaar voor verzenden of kan ik me geld terugvragen? 

Met vriendelijke groeten, 

Eileen van hel",Order Delay,Order Delay,True,False
36070864: Re: Bestelling #19123 bevestigd,"Goedemorgen, 
 
Deze bestelling is wel al lang onderweg. 
Ga ik dit nog ontvangen? 
 
 
 Verzonden vanaf Outlook voor Android (https://aka.ms/AAb9ysg) From: Mivero <info@mivero.nl> Sent: Friday, Decem",Order Delay,Order Delay,True,False
35988747: Fwd: Bestelling #19188 bevestigd,"Goedemiddag, 

Ik wacht al 2 weken op mn bestelling. Wanneer kan ik deze verwachten? 

Gr, Koen 

Verstuurd vanaf mijn iPhone 
Begin doorgestuurd bericht: 
Van: Mivero <info@mivero.nl> 
Datum: 27 dece",Order Delay,Order Delay,True,False
35988600: Nieuw klantbericht op 10 januari 2026 om 18:51,"Nieuw klantbericht op 10 januari 2026 om 18:51   
 

Je hebt een nieuw bericht ontvangen via het contactformulier van je webshop. 
 
 Landcode: NL 
 Name: Koen 
 E-mail: koen@devrede.nl 
 Phone:  
 Be",Other,Order Delay,False,True
35963269: Re: Dit is groot nieuws: 50% korting op geselecteerde artikelen! üòç,"Geachte Ik heb 27 dec 2025 iets besteld en tot heden nog niets gekregen ¬†mijn vraag komt mijn bestelling nog anders wil ik mijn geld terug 

Verstuurd vanaf mijn iPhone 
Op 4 jan 2026 om 08:31 heeft M",Order Delay,Order Delay,True,False
35954068: Hondjes tasjes,"Hallo , ik wilde Graf braten of ik bij jullie op maandag langs kunnen komen om de tasjes voor de hondjes te proberen ?¬†Zinkstraat 24 in Breda?! 
Bedankt en groetjes 
Elvira",Product Question,Special Request,False,True
35941763: Welke maat moet ik nemen voor een Vizla,"Welke maat moet ik nemen voor een Vizla
-------------------------------
Welke maat moet ik nemen voor een Hongaarse Vizla tegen kou en regen ",Order Delay,Product Question,False,True
35886174: Bestelstatus - Mivero (nl-NL),"Beste, ik bestelde op 2/1/2026 een leiband bij jullie met ordernummer 19381. Ik kreeg een melding dat er zich een incident zou voorgedaan hebben gedurende de levering. Ik heb het pakket nog niet ontva",Order Delay,Lost Order,False,True
35808467: Bestelling#9326,"Mijn bestelling¬† is niet te volgen en al¬† lang onderweg. Ik twijfel ernstig aan deze website....graag geld retour. 
Met vriendelijke groeten¬† Laurien Fledderus",Order Delay,Order Delay,True,False
35807772: Probleem rapporteren,"Probleem rapporteren
-------------------------------
Mijn bestelling is nog niet toe gekomen ",Order Delay,Order Delay,True,False
35767308: Retourzending,"Geachte heer/mevrouw
Ik heb een bestelling gedaan op 27 december 
En vandaag 9 januari is er 1 product geleverd wat niet is wat ik ervan had gedacht en het is ook te klein voor mijn hondje .
Ik wil",Return Order,Return Order,True,False
35750358: ,"Beste, 

Ik wil dit artikel terug sturen het is veel te klein voor mijn katten.. 

Graag ontvang ik een retour label. 

Mvg 
Mirjam Engelen",Return Order,Return Order,True,False
35732845: Nieuw klantbericht op 9 januari 2026 om 15:49,"Nieuw klantbericht op 9 januari 2026 om 15:49   
 

Je hebt een nieuw bericht ontvangen via het contactformulier van je webshop. 
 
 Landcode: NL 
 Name: Sinasi Simsek 
 E-mail: sinasisimsek@icloud.co",Order Delay,Order Delay,True,False
35732266: Re: Bestelling #19453 bevestigd,"Beste bestelling nog steeds niet aan gekregen. IS ER EEN PROBLEEM? 

Op zo 4 jan. 2026 10:03 schreef Mivero < info@mivero.nl>: (mailto:info@mivero.nl) 
 
  
   
    
   
  
 Mivero (https://mivero.nl/",Order Delay,Order Delay,True,False
35717038: Maattabel hondeharnas,"Maattabel hondeharnas
-------------------------------
Niet",Product Question,Product Question,True,False
35715540: Retour bestelling  19124,"Hallo, 
 
Graag¬† willen we het hondenmandje retour sturen,het is te klein. 
 
Vriendelijke groeten Ingrid Vogels.",Wrong Order,Return Order,False,True
35712361: Maat van honde harnas,"Maat van honde harnas
-------------------------------
Nee hoe bepaal je de maat",Product Question,Product Question,True,False
35702679: Een probleem melden - Mivero (nl-NL),"Geachte heer/mevrouw,<br><br>In november hebben wij bij u een hondentuig aangeschaft. Helaas ervaren wij de laatste weken steeds meer problemen met dit tuig, wat inmiddels tot gevaarlijke situaties he",Return Order,Bad Product Quality,False,True
35694687: Re: Jouw bestelling is verzonden!,"Goedemorgen, 
Waar blijft mijn riem? M.vr.gr. (http://M.vr.gr) 

M.H.A. van Stigt. 

Op wo 7 jan. 2026 03:25 schreef Mivero < info@mivero.nl>: (mailto:info@mivero.nl) 
 
  
   
    
   
  
 Mivero (ht",Order Delay,Order Delay,True,False
35691495: Productvraag,"Productvraag
-------------------------------
Minimum en maximum maat
",Order Delay,Product Question,False,True
35686834: Re: 35400960: Nieuw klantbericht op 7 januari 2026 om 09:35,"Beste Kimberly 

De bestelde cape is niet volgens de verwachtingen. 
Allereerst is de cape niet uit absorberend katoen gemaakt, maar uit een synthetische stof die absoluut geen vocht opneemt. Daarnaas",Return Order,Bad Product Quality,False,True
35650626: Re: Jouw bestelling is verzonden!,"Beste 
Kan u mij informeren over de levering van mijn bestelling ? 
Ik heb dit besteld en betaald op 31/12. 
Dank voor uw antwoord 
Met vriendelijke groet 
Ann Reyniers 
 
Verzonden vanuit Outlook voo",Order Delay,Order Delay,True,False
35614797: Re: Nog √©√©n laatste blik voor het nieuwe jaar! ‚ú®,"Weet u wanneer ik mijn bestelling kan verwachten. 
Krijg veel reclame,maar geen info over mijn bestelling. 
Groetjes Richard Maas 

Op wo 31 dec. 2025 08:30 schreef Mivero < info@mivero.nl>: (mailto:i",Order Delay,Order Delay,True,False
35602204: Re: Jouw bestelling is verzonden!,"Hallo,ik kan niet mijn bestelling volgen,vroeg mij af wanneer de levering is.Groetjes anita 

Op zo 4 jan 2026, 02:54 schreef Mivero < info@mivero.nl>: (mailto:info@mivero.nl) 
 
  
   
    
   
  
 M",Order Delay,Order Delay,True,False
35600777: Re: Nog even geduld ‚Äì je bestelling komt eraan üöö,"Beste, 

We zijn eind de 8 ste , de laatste dag dat mijn pakket geleverd kon worden, nog steeds niets gehad. Een bestelling van 27 december, hoe kan dat zolang duren, jullie zijn een nederlandse site!",Order Delay,Order Delay,True,False
35600122: Nieuw klantbericht op 8 januari 2026 om 16:44,"Nieuw klantbericht op 8 januari 2026 om 16:44   
 

Je hebt een nieuw bericht ontvangen via het contactformulier van je webshop. 
 
 Landcode: NL 
 Name: nicholas van vlem 
 E-mail: nicholas_vanvlem@y",Order Delay,Order Delay,True,False
"35599992: Re: Bedankt voor je bestelling, Anje!","Beste, 
Ik heb deze bestelling nog niet ontvangen 
zondag, 04 januari 2026, 09:57a.m. +01:00 van Info | Mivero 
-- 
Groetjes Anje info@mivero.nl: (mailto:info@mivero.nl) 
 
We hebben nog een speciale ",Return Order,Order Delay,False,True
35591681: Nieuw klantbericht op 8 januari 2026 om 15:44,"Nieuw klantbericht op 8 januari 2026 om 15:44   
 

Je hebt een nieuw bericht ontvangen via het contactformulier van je webshop. 
 
 Landcode: NL 
 Name: Peter Wilms 
 E-mail: peterwilms@skynet.be 
 P",Product Question,Product Question,True,False
35590927: Defect hoofdharnas maat L,"Goedemiddag medewerker van Mivero. 
Afgelopen 26 December heb ik een 2 tal hoofdharnassen besteld.Met jullie referentie sp ************4681 zijn deze op 3 Januari geleverd. 
Nu is er 1 stuks defect de",Shipping Question,Damaged Item,False,True
35586258: RE: Verzendingsupdates voor bestelling #19457,"Je verzendingsstatus is bijgewerkt Beste, Ik heb al geruime tijd geen info ontvangen over deze bestelling en de stand van zaken ivm de verzending. Kunt u nakijken aub? Alvast dank en groet. Ines Van G",Order Delay,Order Delay,True,False
35579492: Re: Jouw bestelling is verzonden!,"Ik heb nog niks 

Verstuurd vanaf mijn iPhone 
Op 3 jan 2026 om 03:50 heeft Mivero <info@mivero.nl> het volgende geschreven: 

Ôªø Het laatste artikel van je bestelling is onderweg    
   
    
   
  
 ",Order Delay,Order Delay,True,False
35573482: retourzending,"Geachte heer/mevrouw, 

Ik heb recent bij u 2 (speelgoed)beertjes besteld voor onze hond. Ik verwijs naar bijgevoegde print en bestelnummer 18849. 

Onze bestelling is zojuist (vandaag 8/1/2026) bij o",Damaged Item,Return Order,False,True
35571368: Retour - Mivero (nl-NL),Ik wil mijn product retourneren met het bestelnummer #19096. <br>Graag zo snel mogelijk reactie.,Return Order,Return Order,True,False
35562792: Re: Jouw bestelling is verzonden!,"Goedemiddag, 
 
Zojuist werd deze bestelling geleverd. Echter blijkt de cozycave niet passend voor mijn hond. 
Ik wil deze bestelling graag retour aanmelden. 
Hoe doe ik dat? 
Verneem graag uw antwoor",Return Order,Return Order,True,False
35561486: Re: Bestelling #19570 bevestigd,"Hallo, 
ik kan het pakket niet volgen....en ik krijg de melding dat er iets niet goed is op de site van het bezorgbedrijf als ik het wil openen. 

met vriendelijke groet Arnold Ravesteijn 

Op wo 7 ja",Cancel Order,Order Delay,False,True
35559525: Re: Bestelling #19171 bevestigd,"Goeiemorgen, 
Ik heb deze bestelling geplaatst maar heb nog niks ontvangen hoe zit dit ? 

Op za 27 dec 2025 om 11:18 schreef Mivero < info@mivero.nl> (mailto:info@mivero.nl) 
 
  
   
    
   
  
 Mi",Order Delay,Order Delay,True,False
35554349: Nieuw klantbericht op 8 januari 2026 om 10:52,"Nieuw klantbericht op 8 januari 2026 om 10:52   
 

Je hebt een nieuw bericht ontvangen via het contactformulier van je webshop. 
 
 Landcode: NL 
 Name: Arend de Lange 
 E-mail: arenddelange@msn.com ",Order Delay,Order Delay,True,False
35550974: Productvraag,"Productvraag
-------------------------------
1 stuk bestellen, betekent dit 1 schoen od is het 1 pak met 4 schoenen?
",Product Question,Product Question,True,False
35548703: Cozycave,"Geachte, 

Ik heb nog steeds mijn bestelling met het nr #19349 nog steeds niet ontvangen en kan het pakket ook niet tracheren, dat nr is 801001141473. 

Graag info hierover, u kan mij bereiken op volg",Order Delay,Order Delay,True,False
35547886: Re: Mis onze topcollectie niet! ü§©,"Waar blijf mijn bestelling 
 
 
 Verzonden vanaf Outlook voor Android (https://aka.ms/AAb9ysg) From: Mivero <info@mivero.nl> Sent: Thursday, January 8, 2026 8:30:21 AM To: Albert Leys <leysalbert@hotm",Order Delay,Order Delay,True,False
35545246: Nieuw klantbericht op 8 januari 2026 om 09:40,"Nieuw klantbericht op 8 januari 2026 om 09:40   
 

Je hebt een nieuw bericht ontvangen via het contactformulier van je webshop. 
 
 Landcode: BE 
 Name: Vanpachtenbeke Valerie 
 E-mail: vanpachtenbek",Order Delay,Order Delay,True,False
35544614: Levering bestelling,"Goedemorgen, 

Kunt u me laten weten wanneer ik mijn bestelling mag verwachten? 
Ik krijg geen informatie als ik op de link klik. Melding dat de pagina niet bestaat..??? 

Met vriendelijke groet, 
M. ",Order Delay,Order Delay,True,False
35544090: Bestelling,"Beste , 
Ik heb een bestelling gedaan bij jullie en mail gekregen dat deze verzonden is. 
Maar de link om de bestelling te tracken werkt niet. 
Wanneer word mijn bestelling geleverd a.u.b. 

Mvg 
Verz",Order Delay,Order Delay,True,False
35543397: ,"Beste mensen 

Ik heb mijn pawlift niet ontvangen.Zending traceren uit de lucht!!!! 
Hoe kan dit !! 
Ik zou jem geaag alsnog ontvangen want hij is betaald !! 

Met vriendelijke groeten, 

Tamara Hesse",Order Delay,Lost Order,False,True
35541206: Bestelling volgen,"Bestelling volgen
-------------------------------
Ik heb twee weken geleden een hondenrugzak besteld.",Order Delay,Order Delay,True,False
35539756: Re: Jouw bestelling is verzonden!,"Goedendag wanneer word mijn pakket bezorgd? M.v.g. Inge Anwar, kloet 40 in Enkhuizen. 

Op ma 5 jan 2026 om 03:21 schreef Mivero < info@mivero.nl> (mailto:info@mivero.nl) 
 
  
   
    
   
  
 Mivero",Order Delay,Order Delay,True,False
35501716: Mijn bestelling,"Goedeavond, 

Ik heb een bestelling geplaatst 24 dec. Die heb ik nog niet binnen gekregen. Heeft u informatie over wanneer mijn bestelling binnen zou komen? SP0140509963468530 (https://mivero.nl/a/vol",Order Delay,Order Delay,True,False
35500847: Kleurwijziging Meowalk-bestelling ‚Äì we denken graag met je mee,"Beste Tally,

Bedankt voor je bestelling bij Mivero!

We willen je graag even op de hoogte brengen van een kleine wijziging: de groene variant van de Meowalk die je hebt besteld is op dit moment helaa",Order Delay,Special Request,False,True
35499564: Wijziging in je bestelling ‚Äì Puncee variant,"Beste Gonnie,

We willen je graag laten weten dat er een wijziging is in de Puncee die je hebt besteld. De variant die je oorspronkelijk gekozen hebt, is helaas niet meer op voorraad.

We hebben daaro",Other,Special Request,False,True
35497726: Bevestiging gevraagd ‚Äì Bestelling #13893 is niet verwerkt door adresfout,"Beste Mirjam,

We willen je even op de hoogte brengen dat je bestelling bij ons (#13893) helaas niet is doorgevoerd vanwege een fout in het opgegeven adres.

Zou je kunnen laten weten of je de bestell",Cancel Order,Other,False,True
35477575: Bestelling volgen,"Bestelling volgen
-------------------------------
Hoe lang  duurt het  dat de bestelling  binnen  is ",Shipping Question,Order Delay,False,True
35463197: Re: Nog even geduld ‚Äì je bestelling komt eraan üöö,"Nog altijd niks ontvangen....!? 

Op zo 4 jan 2026, 13:44 schreef Info | Mivero < info@mivero.nl>: (mailto:info@mivero.nl) 
Hi Rudy, 

We geven je graag een korte update over je bestelling met nummer ",Order Delay,Order Delay,True,False
35460281: Nieuw klantbericht op 7 januari 2026 om 17:06,"Nieuw klantbericht op 7 januari 2026 om 17:06   
 

Je hebt een nieuw bericht ontvangen via het contactformulier van je webshop. 
 
 Landcode: NL 
 Name: A.g Zijlstra 
 E-mail: ag_zijlstra@hotmail.com",Damaged Item,Order Delay,False,True
35456881: Bestelling 19086,"Op eerste kerstdag heb ik een bestelling gedaan bij jullie. Ik heb deze tot op heden nog niet mogen ontvangen. Graag hoor ik wat de levertijd gaat zijn.
Mvg Ang√©lique Corstens




Verstuurd vanaf ",Order Delay,Order Delay,True,False
35444134: Vraag over product - Mivero (nl-NL),"Beste,<br><br>Wat zijn de afmetingen van jullie cleanPaw Honden DEURMAT met absorberend antislip.<br>het kan aan mij liggen maar ik vind die niet terug, enkel de maten uitgedrukt in S/M/L/XL...<br>Alv",Product Question,Product Question,True,False
35433318: Productvraag,"Productvraag
-------------------------------
Waar kan ik de maattabel vinden voor de hondenjas met tuigje?",Product Question,Product Question,True,False
35427108: Retour,"Ik wil de cozycave medium (54,95 euro)retour sturen. 

Mijn bestelling  nr is19034

Vriendelijke groeten 
Teddy Aukema. 

Verstuurd vanaf mijn iPhone
",Return Order,Return Order,True,False
35425150: Nieuw klantbericht op 7 januari 2026 om 12:43,"Nieuw klantbericht op 7 januari 2026 om 12:43   
 

Je hebt een nieuw bericht ontvangen via het contactformulier van je webshop. 
 
 Landcode: NL 
 Name: Rob Rabbers 
 E-mail: Rabbers58@outlook.com 
 ",Order Delay,Order Delay,True,False
35418205: Re: Bestelling #19127 bevestigd,"Beste mivero, 
Ik was benieuwd naar de status van mijn bestelling. Is al bekend wanneer deze wordt bezorgd? 
Groet 
Marianne 
Verstuurd vanaf mijn iPhone Op 26 dec 2025 om 11:00 heeft Mivero <info@miv",Order Delay,Order Delay,True,False
35406404: Probleem rapporteren,"Probleem rapporteren
-------------------------------
It says my order was delivered yesterday, but it wasn‚Äôt. I was home at the time and no delivery came to our door. Can you please help? ",Lost Order,Lost Order,True,False
35402468: Bestelling volgen,"Bestelling volgen
-------------------------------
Hello, do you have any update regarding the final delivery of this shipment (end the second one to my addres?). SP0356021069695407",Order Delay,Order Delay,True,False
35401773: Product niet geleverd  - Mivero (nl-NL),"Hoi Mivero, de bestelling die is geplaatst is nog niet geleverd. Volgens track and trace is ie onderweg maar dat is al meer dan 3 weken? Ordernummer #18896. Graag wil ik de status weten. Alvast bedank",Order Delay,Order Delay,True,False
35400960: Nieuw klantbericht op 7 januari 2026 om 09:35,"Nieuw klantbericht op 7 januari 2026 om 09:35   
 

Je hebt een nieuw bericht ontvangen via het contactformulier van je webshop. 
 
 Landcode: NL 
 Name: Tine Inghelbrecht 
 E-mail: tine@inghelbrecht.",Return Order,Return Order,True,False
35396900: ,"Hello , 
Can I confirm if am communicating directly with the store owner? 

¬© Shopify |¬†151 O‚ÄôConnor Street, Ottawa ON, K2P 2L8",Order Delay,Other,False,True
35395791: Re: Bestelling #18993 bevestigd,"Beste heer, mevrouw, 
Ik heb de mand ontvangen, maar helaas is de maat niet goed, hij is veel te klein. ¬†Kan ik hem terug sturen 
Vriendelijke groeten 
Benedicte 

Op 22 dec. 2025, om 16:17 heeft Mive",Return Order,Return Order,True,False
Re: 35391426: Re: Jouw bestelling is verzonden!,"Geachte. Ik heb op 16 december een bestelling geplaatst maar heb er tot nu toe nog niks van gehoord of aangekregen. Graag zou ik vernemen hoe ver je met deze bestelling staat groetjes rita 

Op di 16 ",Order Delay,Order Delay,True,False
35366035: Fwd: Bestelling #19392 bevestigd,"Hoi, 

Zou jullie kunnen laten weten wanneer ik deze order kunnen verwachten? 

Gr. 
Anasja Brand 

---------- Forwarded message --------- 
From: Mivero info@mivero.nl> (mailto:info@mivero.nl) 
Date: ",Order Delay,Order Delay,True,False
35358470: Bestelstatus - Mivero (nl-NL),Ik zie dat mijn bestelling van 4 januari met bestelnummer 19447 nog niet verstuurd is<br>Wat is hier de reden van? Het is wel betaald <br>Met vriendelijke groeten <br>Ursula Buijs,Return Order,Order Delay,False,True
"35350306: Re: Reminder: Bestelling #18092, is alles naar wens?","Het nestje was te klein ü´£ 

Op di 6 jan 2026 om 19:21 schreef Mivero < no-reply@loox.io> (mailto:no-reply@loox.io) 

Hallo Pam,  Vertel ons wat je vindt van het product en hoe je ervaring was. Je help",Return Order,Bad Product Quality,False,True
35345748: Retour,"Goedenavond 
We hebben vanmiddag het pakketje ontvangen het is helaas te laat aangekomen we hebben het niet meer nodig. Ik wil het graag retour sturen. Het gaan om bestelnummer 18576 
Harnas maat XXL ",Return Order,Return Order,True,False
35328399: ,"Goedenavond, 

Wanneer wordt het hondenjasje opgestuurd? 

Met vriendelijke groet, 
Joan Schouten 
4611JZ7",Order Delay,Order Delay,True,False
35327066: Retour bestelling #18560,"Goedemiddag, 

Onderstaande Cozy Cave met bovenstaand bestel nummer wil ik retourneren. 

Op vr 12 dec 2025 om 18:22 schreef Mivero < info@mivero.nl> (mailto:info@mivero.nl) 
 
  
   
    
   
  
 Miv",Return Order,Return Order,True,False
35316206: retour hondenmand,Beste ik ga de Cosy Core warme knusse huisdierenmand kleur blauw medium 50x50 cm retour terugsturen . Mijn hondje wil er niet in gaan liggen .Bestelnummer 18755 .Wachtende op een snelle afwikkeling ve,Return Order,Return Order,True,False
"35311373: Re: Bestelling #18418, is alles naar wens?","Ik heb de bestelling nooit ontvangen‚Ä¶ 

Gabi Rijnveld 
On 6 Jan 2026, at 14:28, Mivero <no-reply@loox.io> wrote: 

Hallo G,  Vertel ons wat je vindt van het product en hoe je ervaring was. Je helpt zo",Order Delay,Lost Order,False,True
35302216: Re: Jouw bestelling is verzonden!,"Hallo, 

Waarom kan ik mijn pakket niet volgen? 

Met vriendelijke groet, 

Reijnders-Wilmsen 

Op zo 4 jan 2026 00:02 schreef Mivero < info@mivero.nl>: (mailto:info@mivero.nl) 
 
  
   
    
   
  
 ",Order Delay,Order Delay,True,False
35301575: Re: Vergeet niet: 50% korting loopt binnenkort af! ‚åõ,"Goedemiddag, 
 
Ik heb het pakketje van Mivero nog niet gekregen. Is het mogelijk de bestemming nog te annuleren? De kat gaat inmiddels zelfstandig naar buiten. 
 
Mvg Lara Elkerbout Van: Mivero <info",Order Delay,Cancel Order,False,True
35299771: Bestelling hondenkussen,"Beste, 

Op 21.12.2025 heb ik een kussen besteld voor mijn hond. Ik heb dit kussen ook betaald op 21.12.2025. De bestelling werd betaald van de rekening Bulte- Mortier.
Wij hebben nog steeds niets ",Order Delay,Order Delay,True,False
35290535: Annuleren bestelling #19489,"Goedemiddag 
 
Ik zie dat de bestelling van mij nog niet is Verzonden. 
 
Ik wil deze per direct annuleren en zie mijn aankoopbedrag van 29,95 zo spoedig mogelijk retour op mijn rekening. 
 
Met vrien",Cancel Order,Cancel Order,True,False
35286153: bestelling #18265,"Goedemorgen, 
 
Ik wil m'n bestelling retour sturen. Bestelnummer; #18265 
Het gaat om de hondenmand 
 
Ik hoor graag van u, 
Mvg T. Tukker",Return Order,Return Order,True,False
35278927: Bestelling niet ontvangen,"Beste lezer, 
Op 18 december 2025 heb ik een kattendrinkfontein bij u besteld. Tot op heden heb ik niets ontvangen. Alle begrip dat het rond de feestdagen wat langer duurt eer iets bezorgd wordt maar ",Order Delay,Cancel Order,False,True
35270940: Vraag over product - Mivero (nl-NL),Waarvandaan komen de producten vandaan gezien de langere leveringstijd?,Shipping Question,Shipping Question,True,False
35268151: Re: Vergeet niet: 50% korting loopt binnenkort af! ‚åõ,"Vergeet niet van mijn bestelling te verzenden in plaats van kortingen te mailen bij volgende aankoop. 

Op di 6 jan 2026 08:30 schreef Mivero < info@mivero.nl>: (mailto:info@mivero.nl) 
 
Laatste heri",Other,Order Delay,False,True
35263984: hondentoilet,"Hoi, 

Heb je deze op voorraad? https://mivero.nl/products/zenvana-grasachtige-toiletmat-huisdieren?currency=EUR&variant=51097692897623&utm_source=google&utm_medium=cpc&utm_campaign=Google%20Shopping&",Product Question,Product Question,True,False
35229056: Order: #18288 [I66472451],"Geachte heer/mevrouw, Het product is te klein en voldoet niet aan onze verwachtingen. Sorry. hoe kunnen we deze retour sturen? Have a nice day! Jiri Spaans 
General Manager 
0850660993 
______________",Return Order,Return Order,True,False
35210925: Re: Jouw bestelling is verzonden!,"Beste, 

Het tracking nummer is niet geldig. Gelieve het correcte tracking nummer door te geven want we hebben deze¬† honden winterjas deze week nog nodig. Het betreft bestelling¬†19333. 

Mvg 

Ilse Be",Order Delay,Order Delay,True,False
35206555: Bestelling is niet goed,"Hej, 
Vandaag mijn bestelling ontvangen met bestelnr. 19044, PawShield-honden winterjas ¬†rood xl. Helaas klopt de maat niet met de afmetingen, deze is veel te klein. Hoe stuur ik het pakket retour en ",Return Order,Return Order,True,False
35154359: Bestelling volgen,"Bestelling volgen
-------------------------------
Sedert 2 januari is de status niet veranderd ",Order Delay,Order Delay,True,False
35150938: Bestelling volgen,"Bestelling volgen
-------------------------------
Traceernummer SP0563168917670299",Other,Order Delay,False,True
35168732: Retour sturen,"Hallo Mivero 
Ik heb vandaag mijn bestelling binnen gekregen maar is echt de verkeerde kleur is grijs 
Ik had bruin besteld 
Moet deze mand weer teruggestuurd worden naar China¬† om de goede kleur te b",Return Order,Wrong Order,False,True
35127051: ,"Geachte, 

Betreft hondejasje groen S 

Ik heb op 22 dec 25 bevestiging gekregen onder het bestelnr 18996 dat mijn bestelling onderweg was. 
Tot hiertoe niets ontvangen, en het is ook niet mogelijk om",Order Delay,Order Delay,True,False
35125058: Nieuw klantbericht op 5 januari 2026 om 10:47,"Nieuw klantbericht op 5 januari 2026 om 10:47   
 

Je hebt een nieuw bericht ontvangen via het contactformulier van je webshop. 
 
 Landcode: NL 
 Name: C joziasse 
 E-mail: ancri41@outlook.com 
 Pho",Order Delay,Product Question,False,True
35122700: order status,"Probleem rapporteren
-------------------------------
english?",Order Delay,Other,False,True
35111016: Een probleem melden - Mivero (nl-NL),"Goedemorgen,<br><br>Ik wil graag een bestelling plaatsen maar kan niet betalen met IDeal ivm een probleem.<br><br>Ik hoor het graag.<br><br>Met vriendelijke groet,<br><br>Nanette Speelman<br>",Order Delay,Other,False,True
35084482: Bestelstatus - Mivero (nl-NL),"Hi! <br><br>Ik heb een tijd geleden een product bij jullie gekocht, maar die heb ik nog steeds niet binnen. Ik kreeg wel een track & trace code maar die doet het niet.<br><br>Het gaat om ordernummer 1",Order Delay,Order Delay,True,False
35054518: Productvraag,"Productvraag
-------------------------------
ja",Product Question,Product Question,True,False
35048755: Mijn bestelling,"Beste 
Zo lang op mijn bestelling moeten wachten en dan jammer genoeg is ze niet correct !!! Zwaar teleurgesteld !!! 

Warme groet 
Jelle Verbiest 

Voetreflexologie/Coaching‚ÄúAllegria‚Äù üë£üßöüèª‚Äç‚ôÄÔ∏èüë£ 

Eikev",Wrong Order,Wrong Order,True,False
35047167: Bestelstatus - Mivero (nl-NL),Mijn bestelling #19039<br>Barkbuddy Anti- Blaf 1 st<br>Cozy Cave- Warme knusse 1 st<br>Ik heb Barkbuddy Anti - Blaf gekregen ( woensdag 31.12.25 ) maar Cozy Cave nog niet. Ik wil graag weten wanneer i,Order Delay,Missing Item,False,True
35042410: Nieuw klantbericht op 4 januari 2026 om 12:28,"Nieuw klantbericht op 4 januari 2026 om 12:28   
 

Je hebt een nieuw bericht ontvangen via het contactformulier van je webshop. 
 
 Landcode: NL 
 Name: Annette vd bij 
 E-mail: postma-l@live.nl 
 Ph",Order Delay,Order Delay,True,False
35039422: Productvraag,"Productvraag
-------------------------------
Wat is de maat van de xl honden droogloop mat
",Product Question,Product Question,True,False
35037312: Bestelling yentle cop,"Beste, 

Ik heb al enige tijd een bestelling( 18982)¬†¬†¬†geplaatst bij jullie. Is hier enige update over? 

De tracking site werkt namelijk niet 

Mvg yentle",Order Delay,Order Delay,True,False
35031591: Productvraag,"Productvraag
-------------------------------
Waar zie ik de maattabel?",Product Question,Product Question,True,False
"35010955: vraagje maattabel Paw shield, honden winterjas ( bestelling 10530 januari 2025)","Beste, 
Ik bestelde een jaar geleden bij jullie een rood jasje, maat 3 XL voor een cavalier van 8,5 kg. 
Het was een beetje op de groei gekocht, want hij droeg toen ¬†een 2 XL, maar die begon wat te sp",Product Question,Product Question,True,False
34986768: Retourneren bestelling nummer #18886,"Je bestelling is onderweg  
 Beste mensen, We hebben bij jullie een winterjas voor onze hond van het merk PawShield besteld (bestelnummer #18886), maar deze is te klein. We hebben de jas niet eens aan",Return Order,Return Order,True,False
34974263: Bestelling 18908,"Beste,

Op 20 december 2025 kreeg ik van jullie de bevestiging dat mijn bestelling onderweg was.
Helaas hebben wij op heden nog niks ontvangen.
Heb je een idee wanneer mag ik mijn bestelling zou o",Order Delay,Order Delay,True,False
34962801: Retourzendingen aanmelden,"Hallo Mivero, 
 
Ik wil graag mijn product retourneren. Deze is weer netjes in het plastic en terug in de zak gedaan zoals aangekomen is. Dit product was helaas te klein voor ons huisdier. 
 
Met vrie",Return Order,Return Order,True,False
34957905: Re: 681052 is je code,"Beste, 

Het duurt toch wel HEEL ERG LANG‚Ä¶ 
Wanneer is de levering? 

Groetjes 
John Tilkin Valantiek@gmail.com (mailto:Valantiek@gmail.com) 

Op za 3 jan 2026 om 11:41 schreef Mivero < info@mivero.nl",Order Delay,Order Delay,True,False
34951148: Bestelling nog niet ontvangen,"Goedemorgen, 

Onlangs heb ik onderstaand product bij jullie besteld: 
Echter is de track & trace niet consistent. Die veranderd elke dag; het product is volgens de track & trace al sinds 27 dec onder",Order Delay,Order Delay,True,False
34947367: Bestelling 19261,"Goedemorgen 
Ik kan mijn bestelling via jullie gestuurde link niet openen 
Ook geeft de mail aan dat er twee manden medium roze in het pakket zitten, maar ik had 1 medium roze besteld en 1 beige large",Order Delay,Wrong Order,False,True
34915593: RE: Bestelling #18881 bevestigd,"Bedankt voor je aankoop. Beste, We hebben vandaag deze bestelling mogen ontvangen waarvoor dank. Het mandje is helaas wat te klein en we zouden graag het Large formaat blauw ontvangen (60cmX60cm). Vol",Order Delay,Special Request,False,True
34910151: ,"Hello, 

I saw this Gmail in this Shopify store: https://mivero.nl (https://mivero.nl) 

To confirm, am I on the right contact?",Other,Other,True,False
37492790: #19395,"Nieuw klantbericht op 2 januari 2026 om 18:53   
 

Je hebt een nieuw bericht ontvangen via het contactformulier van je webshop. 
 
 Landcode: NL 
 Name: Martin 
 E-mail: software.gaming@hotmail.com 
",Cancel Order,Cancel Order,True,False
"Re: 34886047: Re: Reminder: Bestelling #18211, is alles naar wens?","Hed het pakje terug gestuurd was mooi maar veel te klein is met tracking opgestuurd 

Gelieve het nodige te doen 
Dank bij voorbaat 
Menvr.Borghgraef 

Op vr 2 jan. 2026 17:18 schreef Mivero < no-repl",Wrong Order,Return Order,False,True
34884454: Nestelling,"Hallo , 
Op 20/12 plaatste ik een bestelling en nog steeds heb ik  niets ontvangen . Het gaat over : 
Nestle, keramische verhoogde voederbak 2x 
Bestel 18880 
Trackingsnummer , 
SPo 0366642797537",Order Delay,Order Delay,True,False
34882271: Retourneren,"Retourneren
-------------------------------
Ik wil bestelling retourneren ",Return Order,Return Order,True,False
34880935: Nieuw klantbericht op 2 januari 2026 om 16:39,"Nieuw klantbericht op 2 januari 2026 om 16:39   
 

Je hebt een nieuw bericht ontvangen via het contactformulier van je webshop. 
 
 Landcode: NL 
 Name: Kim Bonnamy 
 E-mail: kimbonnamy@outlook.com 
",Product Question,Other,False,True
34877190: Prijs,"Prijs
-------------------------------
Elke maat kost eigenlijk ‚Ç¨ 90,-. Maar elk formaat heeft een afwijkende prijs in de opruiming. Bij 60 x 60 mm is het voordeel ‚Ç¨ 5,-?????",Product Question,Product Question,True,False
34876467: Retour,"Goedemiddag, 
 
Ik zou graag een product willen terugsturen. De bestelling nummer is #17788. 
 
met vriendelijke groeten, 
N. Kafoe",Order Delay,Return Order,False,True
34873946: Bestelling #18813 reour,"Goedemiddag! 

Ik wil graag een retour aanmelden van onderstaande bestelling: #18813 

Groeren, 
Annelie 

---------- Forwarded message --------- 
Van: Mivero info@mivero.nl> (mailto:info@mivero.nl) 
",Return Order,Return Order,True,False
34859492: Re: Jouw bestelling is verzonden!,"Hallo, 

Zou u alstublieft kunnen nagaan waar mijn bestelling zich bevindt? De track & trace-functie werkt helaas niet. 

Met vriendelijke groet, 
Kim Knubben-Bijleveld. 

Op di 23 dec 2025, 15:52 sch",Order Delay,Order Delay,True,False
34857742: Bestelling volgen,"Bestelling volgen
-------------------------------
Wat is jullie telefoonnummer",Order Delay,Shipping Question,False,True
34840528: Bestelling #19383,"Goedemorgen, 

Ik heb net een bestelling gedaan van een hondenkussen, maar ik verwacht dat deze te klein is besteld. 
Het gaat om bestelling: #19383 

Ik wil graag deze annuleren en een grotere versie",Cancel Order,Cancel Order,True,False
34832663: RE: Jouw bestelling is verzonden!,"Geachte Dames/Heren, zou u nog even na kunnen kijken of het artikel naar mij Verzonden is, heb namelijk nog niets gehoord van de post, ook niet dat het door post.nl ontvangen is . Met vriendelijke gro",Order Delay,Order Delay,True,False
34817229: RE: Jouw bestelling is verzonden!,"Beste, 
Ik kan de bestelling niet tracken noch heb ik ze ontvangen tot hier toe. 
Heeft u meer info over mijn bestelling aub? 
Met vriendelijke groeten, 
Kevin 
 
Verzonden vanaf mijn Galaxy 
--------",Order Delay,Order Delay,True,False
34809619: Bestelstatus - Mivero (nl-NL),Beste. <br><br>Mijn bestelling met bestelnummer 19048 zou al een tijdje geleden verzonden zijn. <br>Echter geeft de track and trace aan dat dit pakketje niet bestaat. <br><br>Graag zou ik op de hoogte,Order Delay,Order Delay,True,False
34799388: Bestelling,"Goedendag, heb bij uw bedrijf een neusband gekocht, en meteen via ideal betaald. 
Kreeg een volg je pakketlink. 
Helaas werkt deze link niet ! 
Sorry nu met oud op mieuw mogelijk, maar klopt alles wel",Order Delay,Order Delay,True,False
34781795: Vraag over product - Mivero (nl-NL),"Goedemiddag,<br>Kan ik telefonisch contact met jullie krijgen.<br>Ik heb namelijk wat vragen over hondenjassen.",Product Question,Product Question,True,False
34773704: Re: Jouw bestelling is verzonden!,"Ik heb deze bestelling nog steeds niet ontvangen en de track en trace code werkt niet. 

Gaat dit wel goed? 

Sent from my iPhone 
On 24 Dec 2025, at 10:45, Mivero <info@mivero.nl> wrote: 

Ôªø Je beste",Return Order,Order Delay,False,True
34768283: Re: Jouw bestelling is verzonden!,"Hallo, 

De link werkt niet. Wanneer komt mijn bestelling toe? 

Gr, 

Andy Broos 

Verstuurd vanaf mijn iPhone

> Op 17 dec 2025 om 11:30 heeft Mivero <info@mivero.nl> het volgende geschrev",Order Delay,Order Delay,True,False
34758944: Nieuw klantbericht op 1 januari 2026 om 12:03,"Nieuw klantbericht op 1 januari 2026 om 12:03   
 

Je hebt een nieuw bericht ontvangen via het contactformulier van je webshop. 
 
 Landcode: BE 
 Name: Vicky Bolders 
 E-mail: vicky.bolders@hotmail.",Order Delay,Order Delay,True,False
34751604: RE: Jouw bestelling is verzonden!,"Hallo, 
Onderstaande bestelling heb ik nog steeds niet ontvangen. 
De rest van de bestelling is gisteren wel binnen gekomen. 
Is dit apart Verzonden of is er iets fout gegaan? 
Ik hoor graag van u. 
M",Order Delay,Missing Item,False,True
34717506: Bestelling volgen,"Bestelling volgen
-------------------------------
Bestel nummer #19052",Order Delay,Order Delay,True,False
34695703: Re: Jouw bestelling is verzonden!,"Wanneer krijg ik bestelling binnen 

Op ma 22 dec. 2025 01:34 schreef Mivero < info@mivero.nl>: (mailto:info@mivero.nl) 
 
  
   
    
   
  
 Mivero (https://mivero.nl/_t/c/v3/AAAvcX8u90p_0aYQO_YrgTI",Order Delay,Order Delay,True,False
34693278: Update van uw bestelling  - #19327,"Beste Korine, 

Allereerst onze oprechte excuses voor het ongemak en de vertraging rondom je bestelling. We begrijpen hoe vervelend het is om te moeten wachten, en waarderen je geduld enorm.

We wille",Order Delay,Wrong Order,False,True
34692503: Bestelling 18151 Aerts,"Beste,

Ik heb mijn pakket ontvangen maar ben niet tevreden van het artikel. Hoe kan ik deze retour sturen a.u.b.?
Mvg,
Kenny Aerts

Verstuurd vanaf mijn iPhone
",Return Order,Return Order,True,False
34688905: Nieuw klantbericht op 31 december 2025 om 14:00,"Nieuw klantbericht op 31 december 2025 om 14:00   
 

Je hebt een nieuw bericht ontvangen via het contactformulier van je webshop. 
 
 Landcode: NL 
 Name: W.Poortvliet 
 E-mail: w.poortvliet@gmail.co",Shipping Question,Other,False,True
35540745: Nieuw klantbericht op 8 januari 2026 om 08:58,"Ls, ik wil graag mijn bestelling retourneren. De kleur bevalt niet en hij past net niet goed. Bestelnummer #18769. 
 
Ik hoor graag van u. Mvg Renate oudhuis 
 
 
 Verzonden vanaf Outlook voor Android",Return Order,Return Order,True,False
34673329: RE: Bestelling #19118 bevestigd,"Goede middag, 
Komt mijn bestelling binnenkort? 
GRTJS!!! 

Verzonden vanaf mijn Galaxy 

 
-------- Oorspronkelijk bericht -------- 
Van: Mivero <info@mivero.nl> 
Datum: 26/12/2025  00:49  (GMT+01:00",Order Delay,Order Delay,True,False
34672711: Productvraag,"Productvraag
-------------------------------
Welke maat voor een chiuwawa?",Order Delay,Product Question,False,True
34582795: Bestelling,"Beste 

Vandaag heb ik een pakje besteld en de linken die ik krijg voor de track en trace zijn ongeldig. 

Mvg Lotte",Order Delay,Order Delay,True,False
34562567: Bestelling #18831,"Goeiemiddag, 

Enige tijd geleden een bestelling geplaatst onder bovenstaand bestelnummer. Dit betroffen 3 dekens voor op de bank (cuddlelock). 

Vandaag, na meer dan 2 weken, een deel van de bestelli",Missing Item,Missing Item,True,False
34559346: Nieuw klantbericht op 30 december 2025 om 17:12,"Nieuw klantbericht op 30 december 2025 om 17:12   
 

Je hebt een nieuw bericht ontvangen via het contactformulier van je webshop. 
 
 Landcode: NL 
 Name: Bart merckx 
 E-mail: Merckxb@gmail.com 
 Ph",Order Delay,Order Delay,True,False
34558032: Re: Bestelling #18670 bevestigd,"Beste, 

Graag zou ik deze bestelling retour sturen aangezien de maat kleiner is uitgevallen dan verwacht. 

Graag hoor ik wat hiervan de procedure is. 

Vriendelijken groeten, 

Liesbeth Vos 

Op ma ",Return Order,Return Order,True,False
34552799: dieren jas,"goedemiddag mijn naam is wilke sohier,ik heb een jasje besteld voor m,n hond helaas is hij te klein ik heb een 2xl besteld mijn hond is een franse buldog van 12,13 kilo zou ik hem aub mogen ruilen voo",Return Order,Return Order,True,False
34537646: Mivero BESTEL #19189,"Hallo, 

Kunt u aangeven wanneer het pakket bezorgd wordt. De link naar track en trace doet het niet. 

Fijne jaarwisseling. 

Groet, 
Jessica te Kortschot",Order Delay,Order Delay,True,False
34529738: Re: Jouw bestelling is verzonden!,"Hallo, ik heb geen info wanneer mijn aangekocht pakket gaat toekomen. Ik heb dit 8dagen geleden besteld. Kan u dot voor mij nakijlen aub. Bedankt 

Op ma 22 dec 2025 om 13:26 schreef Mivero < info@miv",Order Delay,Order Delay,True,False
34521038: Re: Bestelling #18937 bevestigd,"Hallo, we hebben deze bestelling al even geleden geplaatst. De track en trace werkt niet. Hoe lang is de levertijd????Vr gr 
 
 
 Verzonden vanaf Outlook voor Android (https://aka.ms/AAb9ysg) From: Mi",Order Delay,Order Delay,True,False
34520839: Bestelling volgen,"Bestelling volgen
-------------------------------
Beste, ik heb op 14 december een bestelling gedaan. Maar tot op heden nog niets ontvangen en mijn track nummer vind hij ook niet.",Order Delay,Order Delay,True,False
34517919: Re: Flash Sale: Pak Jouw Voordeel Nu! ‚ö°Ô∏è,"Beste, 

Is er al meer info over mijn bestellingen? Het blijft maar stil daar omtrent 

Mvg 

Jurgen 

Op di 30 dec 2025 om 10:01 schreef Info | Mivero < info@mivero.nl> (mailto:info@mivero.nl) 
 
20%",Order Delay,Order Delay,True,False
34515579: ,Hallo is mijn bestelling al opgestuurd?groetjes korbeld,Order Delay,Order Delay,True,False
34515465: Bestelling volgen,"Bestelling volgen
-------------------------------
#19050 dit is bestelnummer besteld op 24 december? wanneer komt de bestelling aan ",Order Delay,Order Delay,True,False
34514487: Nieuw klantbericht op 30 december 2025 om 11:19,"Nieuw klantbericht op 30 december 2025 om 11:19   
 

Je hebt een nieuw bericht ontvangen via het contactformulier van je webshop. 
 
 Landcode: NL 
 Name: Mathilde Kochen 
 E-mail: mathilde.kochen@gm",Damaged Item,Damaged Item,True,False
34513124: Vraag,"Goedemorgen, 

Wanneer komt mijn bestelling? 
M.vr.gr (http://M.vr.gr) 
Betty Reinders 
v Welderenstr 83 
6511ME Nijmegen",Order Delay,Order Delay,True,False
34511189: Re: Jouw bestelling is verzonden!,"Hallo, 
Mijn trackingnummer werkt niet?. 

Met vriendelijke groet, 

Richard Klockenbrink 
Verstuurd vanaf mijn iPhone 
Op 28 dec 2025 om 15:34 heeft Mivero <info@mivero.nl> het volgende geschreven: 
",Order Delay,Order Delay,True,False
34499623: Re: Jouw bestelling is verzonden!,"Goedemorgen, 

Mijn track & trace werkt nog steeds niet en mijn bestelling website ook niet. 

Wat is de status? 

Op wo 24 dec 2025, 13:00 schreef Mivero < info@mivero.nl>: (mailto:info@mivero.nl) 
 ",Order Delay,Order Delay,True,False
34498577: RE: Jouw bestelling is verzonden!,"Hoi, 

Ik had een vraag met welk postorderbedrijf werken jullie? Ik kan mijn pakket niet volgen namelijk. 

Groet, Esther 

 
-------- Oorspronkelijk bericht -------- 
Van: Mivero <info@mivero.nl> 
Da",Order Delay,Shipping Question,False,True
34457256: Quick question,"Season greetings üéÅ üíê 

Do you ship to Los Angeles? Also, will a tracking number be provided?",Shipping Question,Shipping Question,True,False
